{
	"credit": "Made with Blockbench",
	"textures": {
		"0": "custom/decorations/bankname",
		"particle": "custom/decorations/bankname"
	},
	"elements": [
		{
			"from": [-2, 0, 7],
			"to": [18, 12, 7],
			"faces": {
				"north": {"uv": [7.375, 0, 13.375, 4.625], "texture": "#0"},
				"east": {"uv": [0, 0, 1, 12], "texture": "#missing"},
				"south": {"uv": [7.375, 0, 13.375, 4.625], "texture": "#0"},
				"west": {"uv": [0, 0, 1, 12], "texture": "#missing"},
				"up": {"uv": [0, 0, 16, 1], "texture": "#missing"},
				"down": {"uv": [0, 0, 16, 1], "texture": "#missing"}
			}
		},
		{
			"from": [-2, 0, 6],
			"to": [18, 12, 6],
			"faces": {
				"north": {"uv": [0, 0, 6, 4.625], "texture": "#0"},
				"east": {"uv": [0, 0, 1, 12], "texture": "#missing"},
				"south": {"uv": [7.375, 0, 13.375, 4.625], "texture": "#0"},
				"west": {"uv": [0, 0, 1, 12], "texture": "#missing"},
				"up": {"uv": [0, 0, 16, 1], "texture": "#missing"},
				"down": {"uv": [0, 0, 16, 1], "texture": "#missing"}
			}
		},
		{
			"from": [-2, 0, 6],
			"to": [-2, 3.55, 7],
			"faces": {
				"north": {"uv": [0, 0, 0, 3.55], "texture": "#missing"},
				"east": {"uv": [5.75, 3.25, 6, 4.55], "texture": "#0"},
				"south": {"uv": [0, 0, 0, 3.55], "texture": "#missing"},
				"west": {"uv": [5.75, 3.25, 6, 4.63], "texture": "#0"},
				"up": {"uv": [0, 0, 0, 1], "texture": "#missing"},
				"down": {"uv": [0, 0, 0, 1], "texture": "#missing"}
			}
		},
		{
			"from": [-2, 3.56, 6],
			"to": [-0.75, 3.56, 7],
			"faces": {
				"north": {"uv": [0, 0, 1.25, 0], "texture": "#missing"},
				"east": {"uv": [0, 0, 1, 0], "texture": "#missing"},
				"south": {"uv": [0, 0, 1.25, 0], "texture": "#missing"},
				"west": {"uv": [0, 0, 1, 0], "texture": "#missing"},
				"up": {"uv": [5.625, 3.25, 6, 3.375], "texture": "#0"},
				"down": {"uv": [5.5, 3.25, 5.75, 3.375], "texture": "#0"}
			}
		},
		{
			"from": [-2, 6.81, 6],
			"to": [-0.75, 6.81, 7],
			"faces": {
				"north": {"uv": [0, 0, 1.25, 0], "texture": "#missing"},
				"east": {"uv": [0, 0, 1, 0], "texture": "#missing"},
				"south": {"uv": [0, 0, 1.25, 0], "texture": "#missing"},
				"west": {"uv": [0, 0, 1, 0], "texture": "#missing"},
				"up": {"uv": [5.625, 3.25, 6, 3.375], "texture": "#0"},
				"down": {"uv": [5.5, 1.875, 6, 2], "texture": "#0"}
			}
		},
		{
			"from": [-0.75, 3, 6],
			"to": [-0.75, 7, 7],
			"faces": {
				"north": {"uv": [0, 0, 0, 4], "texture": "#missing"},
				"east": {"uv": [1.875, 3.75, 2.875, 4.125], "texture": "#0"},
				"south": {"uv": [0, 0, 0, 4], "texture": "#missing"},
				"west": {"uv": [5.375, 1.75, 5.625, 3.75], "texture": "#0"},
				"up": {"uv": [0, 0, 0, 1], "texture": "#missing"},
				"down": {"uv": [0, 0, 0, 1], "texture": "#missing"}
			}
		},
		{
			"from": [-2, 6.8, 6],
			"to": [-2, 12, 7],
			"faces": {
				"north": {"uv": [0, 0, 0, 4], "texture": "#missing"},
				"east": {"uv": [5.75, 0, 6, 1.875], "texture": "#0"},
				"south": {"uv": [0, 0, 0, 4], "texture": "#missing"},
				"west": {"uv": [5.75, 0, 6, 2], "texture": "#0"},
				"up": {"uv": [0, 0, 0, 1], "texture": "#missing"},
				"down": {"uv": [0, 0, 0, 1], "texture": "#missing"}
			}
		},
		{
			"from": [18, 0, 6],
			"to": [18, 3.55, 7],
			"faces": {
				"north": {"uv": [0, 0, 0, 3.55], "texture": "#missing"},
				"east": {"uv": [5.75, 3.25, 6, 4.63], "texture": "#0"},
				"south": {"uv": [0, 0, 0, 3.55], "texture": "#missing"},
				"west": {"uv": [5.75, 3.25, 6, 4.55], "texture": "#0"},
				"up": {"uv": [0, 0, 0, 1], "rotation": 180, "texture": "#missing"},
				"down": {"uv": [0, 0, 0, 1], "rotation": 180, "texture": "#missing"}
			}
		},
		{
			"from": [16.75, 3.56, 6],
			"to": [18, 3.56, 7],
			"faces": {
				"north": {"uv": [0, 0, 1.25, 0], "texture": "#missing"},
				"east": {"uv": [0, 0, 1, 0], "texture": "#missing"},
				"south": {"uv": [0, 0, 1.25, 0], "texture": "#missing"},
				"west": {"uv": [0, 0, 1, 0], "texture": "#missing"},
				"up": {"uv": [5.625, 3.25, 6, 3.375], "rotation": 180, "texture": "#0"},
				"down": {"uv": [5.5, 3.25, 5.75, 3.375], "rotation": 180, "texture": "#0"}
			}
		},
		{
			"from": [16.75, 6.81, 6],
			"to": [18, 6.81, 7],
			"faces": {
				"north": {"uv": [0, 0, 1.25, 0], "texture": "#missing"},
				"east": {"uv": [0, 0, 1, 0], "texture": "#missing"},
				"south": {"uv": [0, 0, 1.25, 0], "texture": "#missing"},
				"west": {"uv": [0, 0, 1, 0], "texture": "#missing"},
				"up": {"uv": [5.625, 3.25, 6, 3.375], "rotation": 180, "texture": "#0"},
				"down": {"uv": [5.5, 1.875, 6, 2], "rotation": 180, "texture": "#0"}
			}
		},
		{
			"from": [16.75, 3, 6],
			"to": [16.75, 7, 7],
			"faces": {
				"north": {"uv": [0, 0, 0, 4], "texture": "#missing"},
				"east": {"uv": [5.375, 1.75, 5.625, 3.75], "texture": "#0"},
				"south": {"uv": [0, 0, 0, 4], "texture": "#missing"},
				"west": {"uv": [1.875, 3.75, 2.875, 4.125], "texture": "#0"},
				"up": {"uv": [0, 0, 0, 1], "rotation": 180, "texture": "#missing"},
				"down": {"uv": [0, 0, 0, 1], "rotation": 180, "texture": "#missing"}
			}
		},
		{
			"from": [18, 6.8, 6],
			"to": [18, 12, 7],
			"faces": {
				"north": {"uv": [0, 0, 0, 4], "texture": "#missing"},
				"east": {"uv": [5.75, 0, 6, 2], "texture": "#0"},
				"south": {"uv": [0, 0, 0, 4], "texture": "#missing"},
				"west": {"uv": [5.75, 0, 6, 1.875], "texture": "#0"},
				"up": {"uv": [0, 0, 0, 1], "rotation": 180, "texture": "#missing"},
				"down": {"uv": [0, 0, 0, 1], "rotation": 180, "texture": "#missing"}
			}
		},
		{
			"from": [-2, 0, 6],
			"to": [18, 0, 7],
			"faces": {
				"north": {"uv": [0, 0, 16, 0], "texture": "#missing"},
				"east": {"uv": [0, 0, 1, 0], "texture": "#missing"},
				"south": {"uv": [0, 0, 16, 0], "texture": "#missing"},
				"west": {"uv": [0, 0, 1, 0], "texture": "#missing"},
				"up": {"uv": [1.375, 0.625, 4.5, 0.5], "texture": "#0"},
				"down": {"uv": [0, 4.5, 6, 4.625], "texture": "#0"}
			}
		},
		{
			"from": [-2, 12, 6],
			"to": [18, 12, 7],
			"faces": {
				"north": {"uv": [0, 0, 16, 0], "texture": "#missing"},
				"east": {"uv": [0, 0, 1, 0], "texture": "#missing"},
				"south": {"uv": [0, 0, 16, 0], "texture": "#missing"},
				"west": {"uv": [0, 0, 1, 0], "texture": "#missing"},
				"up": {"uv": [0, 0.25, 6, 0], "texture": "#0"},
				"down": {"uv": [0, 4.5, 6, 4.625], "texture": "#0"}
			}
		}
	],
	"display": {
		"thirdperson_righthand": {
			"scale": [0, 0, 0]
		},
		"thirdperson_lefthand": {
			"scale": [0, 0, 0]
		},
		"head": {
			"scale": [4, 4, 4]
		}
	},
	"groups": [
		{
			"name": "table",
			"origin": [0, 0, 0],
			"color": 0,
			"children": [0, 1]
		},
		{
			"name": "right",
			"origin": [0, 0, 0],
			"color": 0,
			"children": [
				2,
				3,
				4,
				5,
				6,
				{
					"name": "right",
					"origin": [0, 0, 0],
					"color": 0,
					"children": [7, 8, 9, 10, 11]
				}
			]
		},
		12,
		13
	]
}