{
	"credit": "Made with Blockbench",
	"texture_size": [64, 64],
	"textures": {
		"0": "modelengine:entity/nocsy_otter_v2",
		"particle": "modelengine:entity/nocsy_otter_v2"
	},
	"elements": [
		{
			"from": [4.5, 2.8, 0.5],
			"to": [9.5, 7.8, 11.5],
			"rotation": {"angle": 0, "axis": "y", "origin": [8.5, -3.2, 6.5]},
			"faces": {
				"north": {"uv": [4.75, 7, 6, 8.25], "texture": "#0"},
				"east": {"uv": [0, 0, 2.75, 1.25], "texture": "#0"},
				"south": {"uv": [8, 0, 9.25, 1.25], "texture": "#0"},
				"west": {"uv": [0, 1.5, 2.75, 2.75], "texture": "#0"},
				"up": {"uv": [1.25, 5.75, 0, 3], "texture": "#0"},
				"down": {"uv": [4.25, 0, 3, 2.75], "texture": "#0"}
			}
		},
		{
			"from": [4.51, 5.96775, 1.19779],
			"to": [9.49, 7.94775, 7.17779],
			"rotation": {"angle": 45, "axis": "x", "origin": [7, 7.45775, 4.18779]},
			"faces": {
				"north": {"uv": [9.5, 9.75, 10.75, 10.25], "texture": "#0"},
				"east": {"uv": [9.25, 6, 10.75, 6.5], "texture": "#0"},
				"south": {"uv": [4, 10, 5.25, 10.5], "texture": "#0"},
				"west": {"uv": [0, 9.75, 1.5, 10.25], "texture": "#0"},
				"up": {"uv": [3, 8, 1.75, 6.5], "texture": "#0"},
				"down": {"uv": [4.5, 6.5, 3.25, 8], "texture": "#0"}
			}
		},
		{
			"from": [5.1, 3.76352, 10.92491],
			"to": [8.9, 7.56352, 17.72491],
			"rotation": {"angle": 0, "axis": "y", "origin": [1, -1.83648, -0.17509]},
			"faces": {
				"north": {"uv": [8, 4.25, 9, 5.25], "texture": "#0"},
				"east": {"uv": [6.75, 1.75, 8.5, 2.75], "texture": "#0"},
				"south": {"uv": [8, 5.5, 9, 6.5], "texture": "#0"},
				"west": {"uv": [6.75, 3, 8.5, 4], "texture": "#0"},
				"up": {"uv": [7.75, 6, 6.75, 4.25], "texture": "#0"},
				"down": {"uv": [7.75, 6.25, 6.75, 8], "texture": "#0"}
			}
		},
		{
			"from": [5.5, 4.16875, 16.12659],
			"to": [8.5, 7.16875, 20.12659],
			"rotation": {"angle": 0, "axis": "y", "origin": [0, 5.96875, 12.62659]},
			"faces": {
				"north": {"uv": [10, 6.75, 10.75, 7.5], "texture": "#0"},
				"east": {"uv": [9.75, 1.5, 10.75, 2.25], "texture": "#0"},
				"south": {"uv": [10.25, 2.5, 11, 3.25], "texture": "#0"},
				"west": {"uv": [1.75, 9.75, 2.75, 10.5], "texture": "#0"},
				"up": {"uv": [3.75, 10.75, 3, 9.75], "texture": "#0"},
				"down": {"uv": [6.75, 9.75, 6, 10.75], "texture": "#0"}
			}
		},
		{
			"from": [4, 5.9, -2.5],
			"to": [10, 11.9, 3.5],
			"rotation": {"angle": 0, "axis": "y", "origin": [7, -3.2, 6.5]},
			"faces": {
				"north": {"uv": [1.5, 3, 3, 4.5], "texture": "#0"},
				"east": {"uv": [3.25, 3, 4.75, 4.5], "texture": "#0"},
				"south": {"uv": [4.5, 0, 6, 1.5], "texture": "#0"},
				"west": {"uv": [1.5, 4.75, 3, 6.25], "texture": "#0"},
				"up": {"uv": [4.75, 6.25, 3.25, 4.75], "texture": "#0"},
				"down": {"uv": [6.5, 1.75, 5, 3.25], "texture": "#0"}
			}
		},
		{
			"from": [3.975, 8.1, -2.575],
			"to": [4.975, 9.1, -2.575],
			"rotation": {"angle": 0, "axis": "y", "origin": [7, -3.2, 6.5]},
			"faces": {
				"north": {"uv": [9.75, 2.5, 10, 2.75], "texture": "#0"},
				"east": {"uv": [6, 8.5, 6, 8.75], "texture": "#0"},
				"south": {"uv": [5.5, 10, 5.75, 10.25], "texture": "#0"},
				"west": {"uv": [6, 9, 6, 9.25], "texture": "#0"},
				"up": {"uv": [6.5, 8, 6.25, 8], "texture": "#0"},
				"down": {"uv": [4.25, 8.25, 4, 8.25], "texture": "#0"}
			}
		},
		{
			"from": [4.425, 8.525, -2.675],
			"to": [4.825, 8.925, -2.675],
			"rotation": {"angle": 0, "axis": "y", "origin": [5.1, 8.6, -2.575]},
			"faces": {
				"north": {"uv": [8.75, 3, 9, 3.25], "texture": "#0"},
				"east": {"uv": [1.25, 6, 1.25, 6.25], "texture": "#0"},
				"south": {"uv": [8.75, 3.5, 9, 3.75], "texture": "#0"},
				"west": {"uv": [4.75, 6.5, 4.75, 6.75], "texture": "#0"},
				"up": {"uv": [4.75, 2.75, 4.5, 2.75], "texture": "#0"},
				"down": {"uv": [8.25, 1.5, 8, 1.5], "texture": "#0"}
			}
		},
		{
			"from": [9.175, 8.525, -2.675],
			"to": [9.575, 8.925, -2.675],
			"rotation": {"angle": 0, "axis": "y", "origin": [8.9, 8.6, -2.575]},
			"faces": {
				"north": {"uv": [5.5, 10.5, 5.75, 10.75], "texture": "#0"},
				"east": {"uv": [7.25, 10.75, 7.25, 11], "texture": "#0"},
				"south": {"uv": [1.5, 10.75, 1.75, 11], "texture": "#0"},
				"west": {"uv": [7.5, 10.75, 7.5, 11], "texture": "#0"},
				"up": {"uv": [9, 4, 8.75, 4], "texture": "#0"},
				"down": {"uv": [8, 10.75, 7.75, 10.75], "texture": "#0"}
			}
		},
		{
			"from": [9.025, 8.1, -2.575],
			"to": [10.025, 9.1, -2.575],
			"rotation": {"angle": 0, "axis": "y", "origin": [7, -3.2, 6.5]},
			"faces": {
				"north": {"uv": [2, 10.75, 2.25, 11], "texture": "#0"},
				"east": {"uv": [8.25, 10.75, 8.25, 11], "texture": "#0"},
				"south": {"uv": [2.5, 10.75, 2.75, 11], "texture": "#0"},
				"west": {"uv": [8.5, 10.75, 8.5, 11], "texture": "#0"},
				"up": {"uv": [9, 10.75, 8.75, 10.75], "texture": "#0"},
				"down": {"uv": [1.25, 11, 1, 11], "texture": "#0"}
			}
		},
		{
			"from": [10.025, 8.1, -2.575],
			"to": [10.025, 9.1, -2.075],
			"rotation": {"angle": 0, "axis": "y", "origin": [10, 8.6, -2.075]},
			"faces": {
				"north": {"uv": [9.25, 10.75, 9.25, 11], "texture": "#0"},
				"east": {"uv": [4, 10.75, 4.25, 11], "texture": "#0"},
				"south": {"uv": [11, 1, 11, 1.25], "texture": "#0"},
				"west": {"uv": [4.5, 10.75, 4.75, 11], "texture": "#0"},
				"up": {"uv": [11, 1.75, 11, 1.5], "texture": "#0"},
				"down": {"uv": [11, 2, 11, 2.25], "texture": "#0"}
			}
		},
		{
			"from": [3.975, 8.1, -2.575],
			"to": [3.975, 9.1, -2.075],
			"rotation": {"angle": 0, "axis": "y", "origin": [4, 8.6, -2.075]},
			"faces": {
				"north": {"uv": [10, 7.75, 10, 8], "texture": "#0"},
				"east": {"uv": [1, 10.5, 1.25, 10.75], "texture": "#0"},
				"south": {"uv": [5, 10.75, 5, 11], "texture": "#0"},
				"west": {"uv": [10.5, 1, 10.75, 1.25], "texture": "#0"},
				"up": {"uv": [5.25, 11, 5.25, 10.75], "texture": "#0"},
				"down": {"uv": [7, 10.75, 7, 11], "texture": "#0"}
			}
		},
		{
			"from": [-1.65767, 4.07081, -1.5],
			"to": [4.34233, 10.07081, -1.5],
			"rotation": {"angle": 22.5, "axis": "z", "origin": [1.24233, 7.07081, -1.5]},
			"faces": {
				"north": {"uv": [5, 3.5, 6.5, 5], "texture": "#0"},
				"east": {"uv": [3, 11, 3, 12.5], "texture": "#0"},
				"south": {"uv": [5, 5.25, 6.5, 6.75], "texture": "#0"},
				"west": {"uv": [3.25, 11, 3.25, 12.5], "texture": "#0"},
				"up": {"uv": [12.5, 6, 11, 6], "texture": "#0"},
				"down": {"uv": [12.5, 6.25, 11, 6.25], "texture": "#0"}
			}
		},
		{
			"from": [9.65767, 4.07081, -1.5],
			"to": [15.65767, 10.07081, -1.5],
			"rotation": {"angle": -22.5, "axis": "z", "origin": [12.75767, 7.07081, -1.5]},
			"faces": {
				"north": {"uv": [6.25, 0, 7.75, 1.5], "texture": "#0"},
				"east": {"uv": [3.5, 11, 3.5, 12.5], "texture": "#0"},
				"south": {"uv": [0, 6.5, 1.5, 8], "texture": "#0"},
				"west": {"uv": [3.75, 11, 3.75, 12.5], "texture": "#0"},
				"up": {"uv": [12.5, 6.5, 11, 6.5], "texture": "#0"},
				"down": {"uv": [12.5, 6.75, 11, 6.75], "texture": "#0"}
			}
		},
		{
			"from": [5, 5.9, -3.5],
			"to": [9, 8.9, -2.5],
			"rotation": {"angle": 0, "axis": "y", "origin": [7, 7.4, -3]},
			"faces": {
				"north": {"uv": [7, 9.75, 8, 10.5], "texture": "#0"},
				"east": {"uv": [4.5, 1.75, 4.75, 2.5], "texture": "#0"},
				"south": {"uv": [8.25, 9.75, 9.25, 10.5], "texture": "#0"},
				"west": {"uv": [6.25, 7, 6.5, 7.75], "texture": "#0"},
				"up": {"uv": [1, 6.25, 0, 6], "texture": "#0"},
				"down": {"uv": [11.25, 5.5, 10.25, 5.75], "texture": "#0"}
			}
		},
		{
			"from": [3.3, 0, 1.6],
			"to": [6.1, 4.8, 4.4],
			"rotation": {"angle": 0, "axis": "y", "origin": [9.2, -3.3, 6.5]},
			"faces": {
				"north": {"uv": [8, 6.75, 8.75, 8], "texture": "#0"},
				"east": {"uv": [0, 8.25, 0.75, 9.5], "texture": "#0"},
				"south": {"uv": [1, 8.25, 1.75, 9.5], "texture": "#0"},
				"west": {"uv": [2, 8.25, 2.75, 9.5], "texture": "#0"},
				"up": {"uv": [11, 4.25, 10.25, 3.5], "texture": "#0"},
				"down": {"uv": [11, 4.5, 10.25, 5.25], "texture": "#0"}
			}
		},
		{
			"from": [7.9, 0, 1.6],
			"to": [10.7, 4.8, 4.4],
			"rotation": {"angle": 0, "axis": "y", "origin": [4.8, -3.3, 6.5]},
			"faces": {
				"north": {"uv": [3, 8.25, 3.75, 9.5], "texture": "#0"},
				"east": {"uv": [6.25, 8.25, 7, 9.5], "texture": "#0"},
				"south": {"uv": [7.25, 8.25, 8, 9.5], "texture": "#0"},
				"west": {"uv": [8.25, 8.25, 9, 9.5], "texture": "#0"},
				"up": {"uv": [11, 8.5, 10.25, 7.75], "texture": "#0"},
				"down": {"uv": [11, 8.75, 10.25, 9.5], "texture": "#0"}
			}
		},
		{
			"from": [3.3, 0, 8.2],
			"to": [6.1, 4.8, 11],
			"rotation": {"angle": 0, "axis": "y", "origin": [9.2, -3.3, 8.1]},
			"faces": {
				"north": {"uv": [4, 8.5, 4.75, 9.75], "texture": "#0"},
				"east": {"uv": [5, 8.5, 5.75, 9.75], "texture": "#0"},
				"south": {"uv": [8.75, 1.5, 9.5, 2.75], "texture": "#0"},
				"west": {"uv": [9, 6.75, 9.75, 8], "texture": "#0"},
				"up": {"uv": [0.75, 11.25, 0, 10.5], "texture": "#0"},
				"down": {"uv": [11.25, 0, 10.5, 0.75], "texture": "#0"}
			}
		},
		{
			"from": [7.9, 0, 8.2],
			"to": [10.7, 4.8, 11],
			"rotation": {"angle": 0, "axis": "y", "origin": [4.8, -3.3, 8.1]},
			"faces": {
				"north": {"uv": [9.25, 3, 10, 4.25], "texture": "#0"},
				"east": {"uv": [9.25, 4.5, 10, 5.75], "texture": "#0"},
				"south": {"uv": [9.25, 8.25, 10, 9.5], "texture": "#0"},
				"west": {"uv": [9.5, 0, 10.25, 1.25], "texture": "#0"},
				"up": {"uv": [10.25, 11.25, 9.5, 10.5], "texture": "#0"},
				"down": {"uv": [11.25, 10.5, 10.5, 11.25], "texture": "#0"}
			}
		}
	],
	"display": {
		"gui": {
			"rotation": [-15, -156, 8],
			"translation": [-1, 1.25, 0]
		}
	},
	"groups": [
		{
			"name": "body",
			"origin": [0, 6.2021, -1.08288],
			"color": 0,
			"children": [
				{
					"name": "tag_name",
					"origin": [0, 14.2021, -1.08288],
					"color": 0,
					"children": []
				},
				0,
				1,
				{
					"name": "tail",
					"origin": [0, 6.7, 5.3],
					"rotation": [27.5, 0, 0],
					"color": 0,
					"children": [2, 3]
				},
				{
					"name": "h_head",
					"origin": [0, 8.15, -4.25],
					"color": 0,
					"children": [4, 5, 6, 7, 8, 9, 10, 11, 12, 13]
				},
				{
					"name": "front_leg_left",
					"origin": [-2.3, 3.9, -3],
					"color": 0,
					"children": [14]
				},
				{
					"name": "front_leg_right",
					"origin": [2.3, 3.9, -3],
					"color": 0,
					"children": [15]
				},
				{
					"name": "back_leg_left",
					"origin": [-2.3, 3.8, 3.6],
					"color": 0,
					"children": [16]
				},
				{
					"name": "back_leg_right",
					"origin": [2.3, 3.8, 3.6],
					"color": 0,
					"children": [17]
				}
			]
		}
	]
}