{
	"texture_size": [64, 64],
	"textures": {
		"1": "custom/skins/owlsdev/payback/payback_axe"
	},
	"elements": [
		{
			"from": [7, -10, 7],
			"to": [9, 9, 9],
			"rotation": {"angle": 0, "axis": "y", "origin": [0, 20, 0]},
			"faces": {
				"north": {"uv": [2.25, 0, 2.75, 4.75], "texture": "#1"},
				"east": {"uv": [2.75, 0, 3.25, 4.75], "texture": "#1"},
				"south": {"uv": [3.25, 0, 3.75, 4.75], "texture": "#1"},
				"west": {"uv": [3.75, 0, 4.25, 4.75], "texture": "#1"},
				"up": {"uv": [8, 8.5, 7.5, 8], "texture": "#1"},
				"down": {"uv": [8.75, 0.25, 8.25, 0.75], "texture": "#1"}
			}
		},
		{
			"from": [6.5, 6, 7.5],
			"to": [7.5, 7, 8.5],
			"rotation": {"angle": 45, "axis": "z", "origin": [7, 6.5, 8]},
			"faces": {
				"north": {"uv": [2.25, 6.25, 2.5, 6.5], "texture": "#1"},
				"east": {"uv": [4.75, 7.5, 5, 7.75], "texture": "#1"},
				"south": {"uv": [9, 4.75, 9.25, 5], "texture": "#1"},
				"west": {"uv": [9, 5, 9.25, 5.25], "texture": "#1"},
				"up": {"uv": [9.25, 5.5, 9, 5.25], "texture": "#1"},
				"down": {"uv": [9.25, 5.5, 9, 5.75], "texture": "#1"}
			}
		},
		{
			"from": [6.5, 4, 7.5],
			"to": [7.5, 5, 8.5],
			"rotation": {"angle": 45, "axis": "z", "origin": [7, 4.5, 8]},
			"faces": {
				"north": {"uv": [6, 9, 6.25, 9.25], "texture": "#1"},
				"east": {"uv": [9, 6, 9.25, 6.25], "texture": "#1"},
				"south": {"uv": [6.25, 9, 6.5, 9.25], "texture": "#1"},
				"west": {"uv": [9, 6.25, 9.25, 6.5], "texture": "#1"},
				"up": {"uv": [7, 9.25, 6.75, 9], "texture": "#1"},
				"down": {"uv": [9.25, 6.75, 9, 7], "texture": "#1"}
			}
		},
		{
			"from": [8.5, 4, 7.5],
			"to": [9.5, 5, 8.5],
			"rotation": {"angle": -45, "axis": "z", "origin": [9, 4.5, 8]},
			"faces": {
				"north": {"uv": [7, 9, 7.25, 9.25], "texture": "#1"},
				"east": {"uv": [9, 7, 9.25, 7.25], "texture": "#1"},
				"south": {"uv": [9, 7.25, 9.25, 7.5], "texture": "#1"},
				"west": {"uv": [9, 7.5, 9.25, 7.75], "texture": "#1"},
				"up": {"uv": [9.25, 8, 9, 7.75], "texture": "#1"},
				"down": {"uv": [9.25, 8, 9, 8.25], "texture": "#1"}
			}
		},
		{
			"from": [8.5, 6, 7.5],
			"to": [9.5, 7, 8.5],
			"rotation": {"angle": -45, "axis": "z", "origin": [9, 6.5, 8]},
			"faces": {
				"north": {"uv": [8.25, 9, 8.5, 9.25], "texture": "#1"},
				"east": {"uv": [8.5, 9, 8.75, 9.25], "texture": "#1"},
				"south": {"uv": [9, 8.5, 9.25, 8.75], "texture": "#1"},
				"west": {"uv": [8.75, 9, 9, 9.25], "texture": "#1"},
				"up": {"uv": [9.25, 9, 9, 8.75], "texture": "#1"},
				"down": {"uv": [9.25, 9, 9, 9.25], "texture": "#1"}
			}
		},
		{
			"from": [6.98, 1.98, 7.48],
			"to": [9.02, 9.02, 8.52],
			"rotation": {"angle": 0, "axis": "y", "origin": [8, 6, 8]},
			"faces": {
				"north": {"uv": [3.5, 5.5, 4, 7.25], "texture": "#1"},
				"east": {"uv": [3.75, 7.25, 4, 9], "texture": "#1"},
				"south": {"uv": [6, 1.5, 6.5, 3.25], "texture": "#1"},
				"west": {"uv": [0, 7.5, 0.25, 9.25], "texture": "#1"},
				"up": {"uv": [6.25, 7.25, 5.75, 7], "texture": "#1"},
				"down": {"uv": [8.5, 3, 8, 3.25], "texture": "#1"}
			}
		},
		{
			"from": [7.48, 1.98, 6.98],
			"to": [8.52, 8.02, 9.02],
			"rotation": {"angle": 0, "axis": "y", "origin": [8, 5, 8]},
			"faces": {
				"north": {"uv": [0.25, 7.5, 0.5, 9], "texture": "#1"},
				"east": {"uv": [4, 6, 4.5, 7.5], "texture": "#1"},
				"south": {"uv": [0.5, 7.5, 0.75, 9], "texture": "#1"},
				"west": {"uv": [4.5, 6, 5, 7.5], "texture": "#1"},
				"up": {"uv": [4.25, 6, 4, 5.5], "texture": "#1"},
				"down": {"uv": [5.25, 6, 5, 6.5], "texture": "#1"}
			}
		},
		{
			"from": [6.48, -11.02, 6.98],
			"to": [9.52, -7.98, 9.02],
			"rotation": {"angle": 45, "axis": "z", "origin": [8, -9.5, 8]},
			"faces": {
				"north": {"uv": [0, 6.75, 0.75, 7.5], "texture": "#1"},
				"east": {"uv": [0.75, 7.5, 1.25, 8.25], "texture": "#1"},
				"south": {"uv": [6.75, 0, 7.5, 0.75], "texture": "#1"},
				"west": {"uv": [7.5, 2.5, 8, 3.25], "texture": "#1"},
				"up": {"uv": [8.25, 0.75, 7.5, 0.25], "texture": "#1"},
				"down": {"uv": [4.75, 7.5, 4, 8], "texture": "#1"}
			}
		},
		{
			"from": [6.5, -12.4, 7.5],
			"to": [9.5, -9.4, 8.5],
			"rotation": {"angle": 45, "axis": "z", "origin": [8, -10.9, 8]},
			"faces": {
				"north": {"uv": [0.75, 6.75, 1.5, 7.5], "texture": "#1"},
				"east": {"uv": [5, 3.75, 5.25, 4.5], "texture": "#1"},
				"south": {"uv": [5, 7, 5.75, 7.75], "texture": "#1"},
				"west": {"uv": [3.25, 6.5, 3.5, 7.25], "texture": "#1"},
				"up": {"uv": [2.25, 4.75, 1.5, 4.5], "texture": "#1"},
				"down": {"uv": [9.5, 1.5, 8.75, 1.75], "texture": "#1"}
			}
		},
		{
			"from": [3.5, -15.4, 8],
			"to": [12.5, -6.4, 8],
			"rotation": {"angle": 45, "axis": "z", "origin": [8, -10.9, 8]},
			"faces": {
				"north": {"uv": [0, 0, 2.25, 2.25], "texture": "#1"},
				"east": {"uv": [0, 0, 0, 2.25], "texture": "#1"},
				"south": {"uv": [0, 2.25, 2.25, 4.5], "texture": "#1"},
				"west": {"uv": [0, 0, 0, 2.25], "texture": "#1"},
				"up": {"uv": [2.25, 0, 0, 0], "texture": "#1"},
				"down": {"uv": [2.25, 0, 0, 0], "texture": "#1"}
			}
		},
		{
			"from": [6.5, -7, 6.5],
			"to": [9.5, 2, 9.5],
			"rotation": {"angle": 0, "axis": "y", "origin": [8, -2.7, 8]},
			"faces": {
				"north": {"uv": [4.25, 0, 5, 2.25], "texture": "#1"},
				"east": {"uv": [4.25, 2.25, 5, 4.5], "texture": "#1"},
				"south": {"uv": [0, 4.5, 0.75, 6.75], "texture": "#1"},
				"west": {"uv": [0.75, 4.5, 1.5, 6.75], "texture": "#1"},
				"up": {"uv": [7.25, 6.5, 6.5, 5.75], "texture": "#1"},
				"down": {"uv": [7, 6.5, 6.25, 7.25], "texture": "#1"}
			}
		},
		{
			"from": [5.96, 11.71, 6.96],
			"to": [9.04, 14.79, 9.04],
			"rotation": {"angle": -45, "axis": "z", "origin": [8, 12.75, 8]},
			"faces": {
				"north": {"uv": [7, 6.5, 7.75, 7.25], "texture": "#1"},
				"east": {"uv": [4.75, 7.75, 5.25, 8.5], "texture": "#1"},
				"south": {"uv": [7.25, 0.75, 8, 1.5], "texture": "#1"},
				"west": {"uv": [5.25, 7.75, 5.75, 8.5], "texture": "#1"},
				"up": {"uv": [8.25, 5.75, 7.5, 5.25], "texture": "#1"},
				"down": {"uv": [8.5, 3.25, 7.75, 3.75], "texture": "#1"}
			}
		},
		{
			"from": [6.46, 7.96, 6.96],
			"to": [9.54, 11.04, 9.04],
			"rotation": {"angle": -45, "axis": "z", "origin": [8, 9.5, 8]},
			"faces": {
				"north": {"uv": [1.5, 7.25, 2.25, 8], "texture": "#1"},
				"east": {"uv": [7.75, 6.5, 8.25, 7.25], "texture": "#1"},
				"south": {"uv": [7.25, 1.5, 8, 2.25], "texture": "#1"},
				"west": {"uv": [8, 0.75, 8.5, 1.5], "texture": "#1"},
				"up": {"uv": [2, 8.5, 1.25, 8], "texture": "#1"},
				"down": {"uv": [8.75, 1.5, 8, 2], "texture": "#1"}
			}
		},
		{
			"from": [6.44, 9.94, 6.94],
			"to": [9.6, 13.1, 9.1],
			"rotation": {"angle": 0, "axis": "y", "origin": [8.02, 11.52, 8.02]},
			"faces": {
				"north": {"uv": [2.25, 7.25, 3, 8], "texture": "#1"},
				"east": {"uv": [2, 8, 2.5, 8.75], "texture": "#1"},
				"south": {"uv": [3, 7.25, 3.75, 8], "texture": "#1"},
				"west": {"uv": [2.5, 8, 3, 8.75], "texture": "#1"},
				"up": {"uv": [8.75, 3, 8, 2.5], "texture": "#1"},
				"down": {"uv": [3.75, 8, 3, 8.5], "texture": "#1"}
			}
		},
		{
			"from": [6, 9.5, 6.5],
			"to": [10, 13.5, 9.5],
			"rotation": {"angle": 0, "axis": "y", "origin": [8, 11.5, 8]},
			"faces": {
				"north": {"uv": [5, 0.75, 6, 1.75], "texture": "#1"},
				"east": {"uv": [1.5, 6.25, 2.25, 7.25], "texture": "#1"},
				"south": {"uv": [5, 1.75, 6, 2.75], "texture": "#1"},
				"west": {"uv": [6.5, 1.5, 7.25, 2.5], "texture": "#1"},
				"up": {"uv": [3.25, 7.25, 2.25, 6.5], "texture": "#1"},
				"down": {"uv": [7.5, 2.5, 6.5, 3.25], "texture": "#1"}
			}
		},
		{
			"from": [5.26461, 11.005, 7.235],
			"to": [6.79461, 13.535, 8.765],
			"rotation": {"angle": 0, "axis": "y", "origin": [7.52961, 11.27, 8]},
			"faces": {
				"north": {"uv": [1.25, 7.5, 1.5, 8], "texture": "#1"},
				"east": {"uv": [8.75, 3.75, 9, 4.25], "texture": "#1"},
				"south": {"uv": [8.75, 4.25, 9, 4.75], "texture": "#1"},
				"west": {"uv": [8.75, 4.75, 9, 5.25], "texture": "#1"},
				"up": {"uv": [0.25, 9.5, 0, 9.25], "texture": "#1"},
				"down": {"uv": [9.5, 0, 9.25, 0.25], "texture": "#1"}
			}
		},
		{
			"from": [9.48, 9.48, 8.24461],
			"to": [10.52, 13.52, 9.28461],
			"rotation": {"angle": 45, "axis": "y", "origin": [10, 11.48, 8.76461]},
			"faces": {
				"north": {"uv": [0.75, 8.25, 1, 9.25], "texture": "#1"},
				"east": {"uv": [1, 8.25, 1.25, 9.25], "texture": "#1"},
				"south": {"uv": [8.25, 6.5, 8.5, 7.5], "texture": "#1"},
				"west": {"uv": [8.25, 7.5, 8.5, 8.5], "texture": "#1"},
				"up": {"uv": [9.5, 0.5, 9.25, 0.25], "texture": "#1"},
				"down": {"uv": [9.5, 0.5, 9.25, 0.75], "texture": "#1"}
			}
		},
		{
			"from": [12.16361, 9.42379, 7.96],
			"to": [13.16361, 10.42379, 7.96],
			"rotation": {"angle": -22.5, "axis": "z", "origin": [12.41361, 9.92379, 7.46]},
			"faces": {
				"north": {"uv": [0.75, 9.25, 1, 9.5], "texture": "#1"},
				"east": {"uv": [0, 0, 0, 0.25], "texture": "#1"},
				"south": {"uv": [9.25, 0.75, 9.5, 1], "texture": "#1"},
				"west": {"uv": [0, 0, 0, 0.25], "texture": "#1"},
				"up": {"uv": [0.25, 0, 0, 0], "texture": "#1"},
				"down": {"uv": [0.25, 0, 0, 0], "texture": "#1"}
			}
		},
		{
			"from": [11.06533, 5.52365, 8],
			"to": [14.06533, 8.52365, 8],
			"rotation": {"angle": 22.5, "axis": "z", "origin": [12.56533, 7.02365, 7.96]},
			"faces": {
				"north": {"uv": [5.75, 7.25, 6.5, 8], "texture": "#1"},
				"east": {"uv": [0, 0, 0, 0.75], "texture": "#1"},
				"south": {"uv": [7.25, 5.75, 8, 6.5], "texture": "#1"},
				"west": {"uv": [0, 0, 0, 0.75], "texture": "#1"},
				"up": {"uv": [0.75, 0, 0, 0], "texture": "#1"},
				"down": {"uv": [0.75, 0, 0, 0], "texture": "#1"}
			}
		},
		{
			"from": [11.82345, 8.13284, 7.46],
			"to": [13.90345, 10.21284, 8.54],
			"rotation": {"angle": 45, "axis": "z", "origin": [12.61345, 7.92284, 8]},
			"faces": {
				"north": {"uv": [8.25, 5.25, 8.75, 5.75], "texture": "#1"},
				"east": {"uv": [8.75, 5.25, 9, 5.75], "texture": "#1"},
				"south": {"uv": [8.5, 0.75, 9, 1.25], "texture": "#1"},
				"west": {"uv": [5.75, 8.75, 6, 9.25], "texture": "#1"},
				"up": {"uv": [9.25, 6, 8.75, 5.75], "texture": "#1"},
				"down": {"uv": [6.5, 8.75, 6, 9], "texture": "#1"}
			}
		},
		{
			"from": [11.72972, 11.34513, 8],
			"to": [12.72972, 12.34513, 8],
			"rotation": {"angle": 0, "axis": "y", "origin": [12.72972, 10.34513, 8]},
			"faces": {
				"north": {"uv": [1, 9.25, 1.25, 9.5], "texture": "#1"},
				"east": {"uv": [0, 0, 0, 0.25], "texture": "#1"},
				"south": {"uv": [9.25, 1, 9.5, 1.25], "texture": "#1"},
				"west": {"uv": [0, 0, 0, 0.25], "texture": "#1"},
				"up": {"uv": [0.25, 0, 0, 0], "texture": "#1"},
				"down": {"uv": [0.25, 0, 0, 0], "texture": "#1"}
			}
		},
		{
			"from": [11.77, 9.83, 7.48],
			"to": [13.85, 11.91, 8.56],
			"rotation": {"angle": 0, "axis": "y", "origin": [13.97769, 10.28828, 8.02]},
			"faces": {
				"north": {"uv": [1.25, 8.5, 1.75, 9], "texture": "#1"},
				"east": {"uv": [8.75, 6, 9, 6.5], "texture": "#1"},
				"south": {"uv": [3, 8.5, 3.5, 9], "texture": "#1"},
				"west": {"uv": [6.5, 8.75, 6.75, 9.25], "texture": "#1"},
				"up": {"uv": [9.25, 6.75, 8.75, 6.5], "texture": "#1"},
				"down": {"uv": [7.25, 8.75, 6.75, 9], "texture": "#1"}
			}
		},
		{
			"from": [13.33359, 9.13263, 7.98],
			"to": [16.33359, 12.13263, 7.98],
			"rotation": {"angle": -22.5, "axis": "z", "origin": [13.03216, 10.72322, 7.98]},
			"faces": {
				"north": {"uv": [6.5, 7.25, 7.25, 8], "texture": "#1"},
				"east": {"uv": [0, 0, 0, 0.75], "texture": "#1"},
				"south": {"uv": [7.25, 7.25, 8, 8], "texture": "#1"},
				"west": {"uv": [0, 0, 0, 0.75], "texture": "#1"},
				"up": {"uv": [0.75, 0, 0, 0], "texture": "#1"},
				"down": {"uv": [0.75, 0, 0, 0], "texture": "#1"}
			}
		},
		{
			"from": [11.58328, 12.6129, 8],
			"to": [15.58328, 16.6129, 8],
			"rotation": {"angle": -45, "axis": "z", "origin": [13.58328, 14.1129, 7.98]},
			"faces": {
				"north": {"uv": [5, 2.75, 6, 3.75], "texture": "#1"},
				"east": {"uv": [0, 0, 0, 1], "texture": "#1"},
				"south": {"uv": [5.25, 3.75, 6.25, 4.75], "texture": "#1"},
				"west": {"uv": [0, 0, 0, 1], "texture": "#1"},
				"up": {"uv": [1, 0, 0, 0], "texture": "#1"},
				"down": {"uv": [1, 0, 0, 0], "texture": "#1"}
			}
		},
		{
			"from": [9.24198, 12.87386, 7.52],
			"to": [12.20198, 14.83386, 8.48],
			"rotation": {"angle": -22.5, "axis": "z", "origin": [10.72198, 13.85386, 7.98]},
			"faces": {
				"north": {"uv": [8, 3.75, 8.75, 4.25], "texture": "#1"},
				"east": {"uv": [8.75, 6.75, 9, 7.25], "texture": "#1"},
				"south": {"uv": [4, 8, 4.75, 8.5], "texture": "#1"},
				"west": {"uv": [8.75, 7.25, 9, 7.75], "texture": "#1"},
				"up": {"uv": [9.5, 2, 8.75, 1.75], "texture": "#1"},
				"down": {"uv": [3, 8.75, 2.25, 9], "texture": "#1"}
			}
		},
		{
			"from": [9.8851, 12.07767, 7.5],
			"to": [12.8851, 14.07767, 8.5],
			"rotation": {"angle": 22.5, "axis": "z", "origin": [12.3851, 13.07767, 8.08]},
			"faces": {
				"north": {"uv": [8, 4.25, 8.75, 4.75], "texture": "#1"},
				"east": {"uv": [8, 8.75, 8.25, 9.25], "texture": "#1"},
				"south": {"uv": [8, 4.75, 8.75, 5.25], "texture": "#1"},
				"west": {"uv": [8.75, 8.5, 9, 9], "texture": "#1"},
				"up": {"uv": [9.5, 2.75, 8.75, 2.5], "texture": "#1"},
				"down": {"uv": [9.5, 2.75, 8.75, 3], "texture": "#1"}
			}
		},
		{
			"from": [9.20539, 11.005, 7.235],
			"to": [10.73539, 13.535, 8.765],
			"rotation": {"angle": 0, "axis": "y", "origin": [8.47039, 11.27, 8]},
			"faces": {
				"north": {"uv": [0.25, 9, 0.5, 9.5], "texture": "#1"},
				"east": {"uv": [0.5, 9, 0.75, 9.5], "texture": "#1"},
				"south": {"uv": [9, 0.75, 9.25, 1.25], "texture": "#1"},
				"west": {"uv": [1.25, 9, 1.5, 9.5], "texture": "#1"},
				"up": {"uv": [9.5, 2.25, 9.25, 2], "texture": "#1"},
				"down": {"uv": [2.5, 9.25, 2.25, 9.5], "texture": "#1"}
			}
		},
		{
			"from": [9.48, 9.48, 6.71539],
			"to": [10.52, 13.52, 7.75539],
			"rotation": {"angle": -45, "axis": "y", "origin": [10, 11.48, 7.23539]},
			"faces": {
				"north": {"uv": [1.75, 8.5, 2, 9.5], "texture": "#1"},
				"east": {"uv": [3.5, 8.5, 3.75, 9.5], "texture": "#1"},
				"south": {"uv": [4, 8.5, 4.25, 9.5], "texture": "#1"},
				"west": {"uv": [4.25, 8.5, 4.5, 9.5], "texture": "#1"},
				"up": {"uv": [9.5, 2.5, 9.25, 2.25], "texture": "#1"},
				"down": {"uv": [2.75, 9.25, 2.5, 9.5], "texture": "#1"}
			}
		},
		{
			"from": [5.48, 9.48, 6.71539],
			"to": [6.52, 13.52, 7.75539],
			"rotation": {"angle": 45, "axis": "y", "origin": [6, 11.48, 7.23539]},
			"faces": {
				"north": {"uv": [4.5, 8.5, 4.75, 9.5], "texture": "#1"},
				"east": {"uv": [4.75, 8.5, 5, 9.5], "texture": "#1"},
				"south": {"uv": [5, 8.5, 5.25, 9.5], "texture": "#1"},
				"west": {"uv": [5.25, 8.5, 5.5, 9.5], "texture": "#1"},
				"up": {"uv": [3, 9.5, 2.75, 9.25], "texture": "#1"},
				"down": {"uv": [3.25, 9.25, 3, 9.5], "texture": "#1"}
			}
		},
		{
			"from": [5.48, 9.48, 8.24461],
			"to": [6.52, 13.52, 9.28461],
			"rotation": {"angle": -45, "axis": "y", "origin": [6, 11.48, 8.76461]},
			"faces": {
				"north": {"uv": [5.5, 8.5, 5.75, 9.5], "texture": "#1"},
				"east": {"uv": [8.5, 5.75, 8.75, 6.75], "texture": "#1"},
				"south": {"uv": [8.5, 6.75, 8.75, 7.75], "texture": "#1"},
				"west": {"uv": [7.5, 8.5, 7.75, 9.5], "texture": "#1"},
				"up": {"uv": [9.5, 3.25, 9.25, 3], "texture": "#1"},
				"down": {"uv": [9.5, 3.25, 9.25, 3.5], "texture": "#1"}
			}
		},
		{
			"from": [4.98, 8.98, 6.98],
			"to": [12.02, 12.02, 9.02],
			"rotation": {"angle": 0, "axis": "y", "origin": [8, 6.5, 8]},
			"faces": {
				"north": {"uv": [2.5, 4.75, 4.25, 5.5], "texture": "#1"},
				"east": {"uv": [5.75, 8, 6.25, 8.75], "texture": "#1"},
				"south": {"uv": [5, 0, 6.75, 0.75], "texture": "#1"},
				"west": {"uv": [8, 5.75, 8.5, 6.5], "texture": "#1"},
				"up": {"uv": [7.75, 3.75, 6, 3.25], "texture": "#1"},
				"down": {"uv": [8, 3.75, 6.25, 4.25], "texture": "#1"}
			}
		},
		{
			"from": [2, 10, 7],
			"to": [7, 13, 9],
			"rotation": {"angle": 0, "axis": "y", "origin": [8, 6.5, 8]},
			"faces": {
				"north": {"uv": [5.25, 5.75, 6.5, 6.5], "texture": "#1"},
				"east": {"uv": [6.25, 8, 6.75, 8.75], "texture": "#1"},
				"south": {"uv": [6, 0.75, 7.25, 1.5], "texture": "#1"},
				"west": {"uv": [6.75, 8, 7.25, 8.75], "texture": "#1"},
				"up": {"uv": [7.5, 5.75, 6.25, 5.25], "texture": "#1"},
				"down": {"uv": [6.25, 6.5, 5, 7], "texture": "#1"}
			}
		},
		{
			"from": [5.03746, 12.89675, 7.46],
			"to": [7.11746, 14.97675, 8.54],
			"rotation": {"angle": 22.5, "axis": "z", "origin": [6.07746, 13.93675, 8]},
			"faces": {
				"north": {"uv": [8.5, 3, 9, 3.5], "texture": "#1"},
				"east": {"uv": [1.5, 9, 1.75, 9.5], "texture": "#1"},
				"south": {"uv": [8.5, 7.75, 9, 8.25], "texture": "#1"},
				"west": {"uv": [9, 2, 9.25, 2.5], "texture": "#1"},
				"up": {"uv": [2.75, 9.25, 2.25, 9], "texture": "#1"},
				"down": {"uv": [3.25, 9, 2.75, 9.25], "texture": "#1"}
			}
		},
		{
			"from": [3.10746, 13.01675, 7.48],
			"to": [5.14746, 15.05675, 8.52],
			"rotation": {"angle": 45, "axis": "z", "origin": [4.12746, 14.03675, 8]},
			"faces": {
				"north": {"uv": [8.25, 8.5, 8.75, 9], "texture": "#1"},
				"east": {"uv": [9, 3, 9.25, 3.5], "texture": "#1"},
				"south": {"uv": [8.75, 0.25, 9.25, 0.75], "texture": "#1"},
				"west": {"uv": [3.25, 9, 3.5, 9.5], "texture": "#1"},
				"up": {"uv": [9.5, 4, 9, 3.75], "texture": "#1"},
				"down": {"uv": [9.5, 4, 9, 4.25], "texture": "#1"}
			}
		},
		{
			"from": [-0.5, 11.85, 7.5],
			"to": [6.5, 13.85, 8.5],
			"rotation": {"angle": -22.5, "axis": "z", "origin": [4.5, 13.85, 8]},
			"faces": {
				"north": {"uv": [6.25, 4.25, 8, 4.75], "texture": "#1"},
				"east": {"uv": [3.75, 9, 4, 9.5], "texture": "#1"},
				"south": {"uv": [6.25, 4.75, 8, 5.25], "texture": "#1"},
				"west": {"uv": [9, 4.25, 9.25, 4.75], "texture": "#1"},
				"up": {"uv": [9, 2.5, 7.25, 2.25], "texture": "#1"},
				"down": {"uv": [9.25, 0, 7.5, 0.25], "texture": "#1"}
			}
		},
		{
			"from": [-0.88476, 7.95566, 7.52],
			"to": [3.07524, 13.91566, 8.48],
			"rotation": {"angle": 0, "axis": "y", "origin": [2.09524, 12.93566, 8.02]},
			"faces": {
				"north": {"uv": [4.25, 4.5, 5.25, 6], "texture": "#1"},
				"east": {"uv": [7.25, 8, 7.5, 9.5], "texture": "#1"},
				"south": {"uv": [1.5, 4.75, 2.5, 6.25], "texture": "#1"},
				"west": {"uv": [8, 7.25, 8.25, 8.75], "texture": "#1"},
				"up": {"uv": [9, 2.25, 8, 2], "texture": "#1"},
				"down": {"uv": [9.5, 1.25, 8.5, 1.5], "texture": "#1"}
			}
		},
		{
			"from": [-0.88476, 3.95566, 7.5],
			"to": [3.11524, 7.95566, 8.5],
			"rotation": {"angle": 45, "axis": "z", "origin": [-0.88476, 7.95566, 8]},
			"faces": {
				"north": {"uv": [5.25, 4.75, 6.25, 5.75], "texture": "#1"},
				"east": {"uv": [7.75, 8.5, 8, 9.5], "texture": "#1"},
				"south": {"uv": [2.5, 5.5, 3.5, 6.5], "texture": "#1"},
				"west": {"uv": [2, 8.75, 2.25, 9.75], "texture": "#1"},
				"up": {"uv": [9.5, 3.75, 8.5, 3.5], "texture": "#1"},
				"down": {"uv": [9.5, 8.25, 8.5, 8.5], "texture": "#1"}
			}
		}
	],
	"gui_light": "front",
	"display": {
		"thirdperson_righthand": {
			"rotation": [0, -90, 0],
			"translation": [0, 5.5, 1.25],
			"scale": [0.7, 0.7, 0.7]
		},
		"thirdperson_lefthand": {
			"rotation": [0, 90, 0],
			"translation": [0, 5.5, 1.25],
			"scale": [0.7, 0.7, 0.7]
		},
		"firstperson_righthand": {
			"rotation": [20, -90, 0],
			"translation": [2.75, 3.25, -0.75],
			"scale": [0.6, 0.6, 0.6]
		},
		"firstperson_lefthand": {
			"rotation": [20, 90, 0],
			"translation": [2.75, 3.25, -0.75],
			"scale": [0.6, 0.6, 0.6]
		},
		"ground": {
			"rotation": [0, 0, -45],
			"translation": [2.5, 8.5, 0],
			"scale": [0.5, 0.5, 0.5]
		},
		"gui": {
			"rotation": [0, 0, -45],
			"translation": [2, 2, -0.75],
			"scale": [0.555, 0.555, 0.555]
		},
		"head": {
			"rotation": [0, 0, 45],
			"translation": [14, 3.5, 0.75],
			"scale": [0.6, 0.6, 0.6]
		},
		"fixed": {
			"rotation": [0, -180, -45],
			"translation": [-2.5, 2.5, -0.75],
			"scale": [0.7, 0.7, 0.7]
		}
	},
	"groups": [
		{
			"name": "pickaxe",
			"origin": [8, 8, 8],
			"color": 0,
			"children": [
				{
					"name": "pommel",
					"origin": [8, 8, 8],
					"color": 0,
					"children": []
				},
				{
					"name": "grip",
					"origin": [8, 8, 8],
					"color": 0,
					"children": [0, 1, 2, 3, 4, 5, 6, 7, 8, 9,
						{
							"name": "handle",
							"origin": [8, 8, 8],
							"color": 0,
							"children": [10]
						}
					]
				},
				{
					"name": "guard",
					"origin": [8, 8, 8],
					"color": 0,
					"children": [
						{
							"name": "cross-guard",
							"origin": [8, 8, 8],
							"color": 0,
							"children": [
								{
									"name": "gem",
									"origin": [8, 8, 8],
									"color": 0,
									"children": [11, 12, 13, 14, 15, 16, 17, 18, 19, 20, 21, 22, 23, 24, 25, 26, 27, 28, 29, 30, 31, 32, 33, 34, 35, 36]
								},
								{
									"name": "blade",
									"origin": [8, 8, 8],
									"color": 0,
									"children": []
								}
							]
						}
					]
				}
			]
		}
	]
}