{
	"texture_size": [64, 64],
	"textures": {
		"2": "custom/skins/owlsdev/payback/payback_pickaxe"
	},
	"elements": [
		{
			"from": [7, -10, 7],
			"to": [9, 9, 9],
			"rotation": {"angle": 0, "axis": "y", "origin": [0, 20, 0]},
			"faces": {
				"north": {"uv": [0, 4.5, 0.5, 9.25], "texture": "#2"},
				"east": {"uv": [0.5, 4.5, 1, 9.25], "texture": "#2"},
				"south": {"uv": [1, 4.5, 1.5, 9.25], "texture": "#2"},
				"west": {"uv": [1.5, 4.5, 2, 9.25], "texture": "#2"},
				"up": {"uv": [7.75, 9.5, 7.25, 9], "texture": "#2"},
				"down": {"uv": [9.75, 1, 9.25, 1.5], "texture": "#2"}
			}
		},
		{
			"from": [6.5, 6, 7.5],
			"to": [7.5, 7, 8.5],
			"rotation": {"angle": 45, "axis": "z", "origin": [7, 6.5, 8]},
			"faces": {
				"north": {"uv": [2.25, 8.25, 2.5, 8.5], "texture": "#2"},
				"east": {"uv": [8.5, 1.75, 8.75, 2], "texture": "#2"},
				"south": {"uv": [10.25, 7.25, 10.5, 7.5], "texture": "#2"},
				"west": {"uv": [7.5, 10.25, 7.75, 10.5], "texture": "#2"},
				"up": {"uv": [8, 10.5, 7.75, 10.25], "texture": "#2"},
				"down": {"uv": [10.5, 7.75, 10.25, 8], "texture": "#2"}
			}
		},
		{
			"from": [6.5, 4, 7.5],
			"to": [7.5, 5, 8.5],
			"rotation": {"angle": 45, "axis": "z", "origin": [7, 4.5, 8]},
			"faces": {
				"north": {"uv": [8, 10.25, 8.25, 10.5], "texture": "#2"},
				"east": {"uv": [10.25, 8, 10.5, 8.25], "texture": "#2"},
				"south": {"uv": [8.5, 10.25, 8.75, 10.5], "texture": "#2"},
				"west": {"uv": [10.25, 8.5, 10.5, 8.75], "texture": "#2"},
				"up": {"uv": [9, 10.5, 8.75, 10.25], "texture": "#2"},
				"down": {"uv": [10.5, 8.75, 10.25, 9], "texture": "#2"}
			}
		},
		{
			"from": [8.5, 4, 7.5],
			"to": [9.5, 5, 8.5],
			"rotation": {"angle": -45, "axis": "z", "origin": [9, 4.5, 8]},
			"faces": {
				"north": {"uv": [10.25, 9, 10.5, 9.25], "texture": "#2"},
				"east": {"uv": [10.25, 9.25, 10.5, 9.5], "texture": "#2"},
				"south": {"uv": [9.5, 10.25, 9.75, 10.5], "texture": "#2"},
				"west": {"uv": [10.25, 9.5, 10.5, 9.75], "texture": "#2"},
				"up": {"uv": [10, 10.5, 9.75, 10.25], "texture": "#2"},
				"down": {"uv": [10.5, 9.75, 10.25, 10], "texture": "#2"}
			}
		},
		{
			"from": [8.5, 6, 7.5],
			"to": [9.5, 7, 8.5],
			"rotation": {"angle": -45, "axis": "z", "origin": [9, 6.5, 8]},
			"faces": {
				"north": {"uv": [10, 10.25, 10.25, 10.5], "texture": "#2"},
				"east": {"uv": [10.25, 10.25, 10.5, 10.5], "texture": "#2"},
				"south": {"uv": [10.5, 0, 10.75, 0.25], "texture": "#2"},
				"west": {"uv": [10.5, 0.25, 10.75, 0.5], "texture": "#2"},
				"up": {"uv": [0.75, 10.75, 0.5, 10.5], "texture": "#2"},
				"down": {"uv": [1, 10.5, 0.75, 10.75], "texture": "#2"}
			}
		},
		{
			"from": [6.98, 1.98, 7.48],
			"to": [9.02, 9.02, 8.52],
			"rotation": {"angle": 0, "axis": "y", "origin": [8, 6, 8]},
			"faces": {
				"north": {"uv": [6.5, 5, 7, 6.75], "texture": "#2"},
				"east": {"uv": [4.75, 7.5, 5, 9.25], "texture": "#2"},
				"south": {"uv": [5.5, 6.5, 6, 8.25], "texture": "#2"},
				"west": {"uv": [6, 8, 6.25, 9.75], "texture": "#2"},
				"up": {"uv": [7.5, 6.75, 7, 6.5], "texture": "#2"},
				"down": {"uv": [8, 7.25, 7.5, 7.5], "texture": "#2"}
			}
		},
		{
			"from": [7.48, 1.98, 6.98],
			"to": [8.52, 8.02, 9.02],
			"rotation": {"angle": 0, "axis": "y", "origin": [8, 5, 8]},
			"faces": {
				"north": {"uv": [6.25, 8, 6.5, 9.5], "texture": "#2"},
				"east": {"uv": [6, 6.5, 6.5, 8], "texture": "#2"},
				"south": {"uv": [2, 8.25, 2.25, 9.75], "texture": "#2"},
				"west": {"uv": [2, 6.75, 2.5, 8.25], "texture": "#2"},
				"up": {"uv": [5, 4.5, 4.75, 4], "texture": "#2"},
				"down": {"uv": [6.25, 2, 6, 2.5], "texture": "#2"}
			}
		},
		{
			"from": [6.48, -11.02, 6.98],
			"to": [9.52, -7.98, 9.02],
			"rotation": {"angle": 45, "axis": "z", "origin": [8, -9.5, 8]},
			"faces": {
				"north": {"uv": [7, 5, 7.75, 5.75], "texture": "#2"},
				"east": {"uv": [8.25, 4.25, 8.75, 5], "texture": "#2"},
				"south": {"uv": [7, 5.75, 7.75, 6.5], "texture": "#2"},
				"west": {"uv": [5.5, 8.25, 6, 9], "texture": "#2"},
				"up": {"uv": [7.25, 8.75, 6.5, 8.25], "texture": "#2"},
				"down": {"uv": [9, 6.5, 8.25, 7], "texture": "#2"}
			}
		},
		{
			"from": [6.5, -12.4, 7.5],
			"to": [9.5, -9.4, 8.5],
			"rotation": {"angle": 45, "axis": "z", "origin": [8, -10.9, 8]},
			"faces": {
				"north": {"uv": [7.25, 2, 8, 2.75], "texture": "#2"},
				"east": {"uv": [4.25, 9.5, 4.5, 10.25], "texture": "#2"},
				"south": {"uv": [7.25, 2.75, 8, 3.5], "texture": "#2"},
				"west": {"uv": [6.25, 9.5, 6.5, 10.25], "texture": "#2"},
				"up": {"uv": [10.25, 0.75, 9.5, 0.5], "texture": "#2"},
				"down": {"uv": [3.5, 9.75, 2.75, 10], "texture": "#2"}
			}
		},
		{
			"from": [3.5, -15.4, 8],
			"to": [12.5, -6.4, 8],
			"rotation": {"angle": 45, "axis": "z", "origin": [8, -10.9, 8]},
			"faces": {
				"north": {"uv": [2.5, 0, 4.75, 2.25], "texture": "#2"},
				"east": {"uv": [0, 0, 0, 2.25], "texture": "#2"},
				"south": {"uv": [2.5, 2.25, 4.75, 4.5], "texture": "#2"},
				"west": {"uv": [0, 0, 0, 2.25], "texture": "#2"},
				"up": {"uv": [2.25, 0, 0, 0], "texture": "#2"},
				"down": {"uv": [2.25, 0, 0, 0], "texture": "#2"}
			}
		},
		{
			"from": [6.5, -7, 6.5],
			"to": [9.5, 2, 9.5],
			"rotation": {"angle": 0, "axis": "y", "origin": [8, -2.7, 8]},
			"faces": {
				"north": {"uv": [2, 4.5, 2.75, 6.75], "texture": "#2"},
				"east": {"uv": [2.75, 4.5, 3.5, 6.75], "texture": "#2"},
				"south": {"uv": [3.5, 4.5, 4.25, 6.75], "texture": "#2"},
				"west": {"uv": [4.25, 4.5, 5, 6.75], "texture": "#2"},
				"up": {"uv": [8.25, 4.25, 7.5, 3.5], "texture": "#2"},
				"down": {"uv": [4.75, 7.5, 4, 8.25], "texture": "#2"}
			}
		},
		{
			"from": [5.96, 11.71, 6.96],
			"to": [9.04, 14.79, 9.04],
			"rotation": {"angle": -45, "axis": "z", "origin": [8, 12.75, 8]},
			"faces": {
				"north": {"uv": [7.5, 4.25, 8.25, 5], "texture": "#2"},
				"east": {"uv": [7.25, 8.25, 7.75, 9], "texture": "#2"},
				"south": {"uv": [6.5, 7.5, 7.25, 8.25], "texture": "#2"},
				"west": {"uv": [8.5, 0, 9, 0.75], "texture": "#2"},
				"up": {"uv": [9.25, 1.25, 8.5, 0.75], "texture": "#2"},
				"down": {"uv": [9.25, 1.25, 8.5, 1.75], "texture": "#2"}
			}
		},
		{
			"from": [6.46, 7.96, 6.96],
			"to": [9.54, 11.04, 9.04],
			"rotation": {"angle": -45, "axis": "z", "origin": [8, 9.5, 8]},
			"faces": {
				"north": {"uv": [7.5, 6.5, 8.25, 7.25], "texture": "#2"},
				"east": {"uv": [2.25, 8.5, 2.75, 9.25], "texture": "#2"},
				"south": {"uv": [7.25, 7.5, 8, 8.25], "texture": "#2"},
				"west": {"uv": [2.75, 8.5, 3.25, 9.25], "texture": "#2"},
				"up": {"uv": [4, 9, 3.25, 8.5], "texture": "#2"},
				"down": {"uv": [9.25, 5, 8.5, 5.5], "texture": "#2"}
			}
		},
		{
			"from": [6.44, 9.94, 6.94],
			"to": [9.6, 13.1, 9.1],
			"rotation": {"angle": 0, "axis": "y", "origin": [8.02, 11.52, 8.02]},
			"faces": {
				"north": {"uv": [2.5, 7.75, 3.25, 8.5], "texture": "#2"},
				"east": {"uv": [8.5, 5.5, 9, 6.25], "texture": "#2"},
				"south": {"uv": [3.25, 7.75, 4, 8.5], "texture": "#2"},
				"west": {"uv": [8.75, 1.75, 9.25, 2.5], "texture": "#2"},
				"up": {"uv": [9.5, 3, 8.75, 2.5], "texture": "#2"},
				"down": {"uv": [9.5, 3, 8.75, 3.5], "texture": "#2"}
			}
		},
		{
			"from": [6, 9.5, 6.5],
			"to": [10, 13.5, 9.5],
			"rotation": {"angle": 0, "axis": "y", "origin": [8, 11.5, 8]},
			"faces": {
				"north": {"uv": [5.5, 5.5, 6.5, 6.5], "texture": "#2"},
				"east": {"uv": [2.5, 6.75, 3.25, 7.75], "texture": "#2"},
				"south": {"uv": [6, 0, 7, 1], "texture": "#2"},
				"west": {"uv": [3.25, 6.75, 4, 7.75], "texture": "#2"},
				"up": {"uv": [5, 7.5, 4, 6.75], "texture": "#2"},
				"down": {"uv": [7.5, 6.75, 6.5, 7.5], "texture": "#2"}
			}
		},
		{
			"from": [5.26461, 11.005, 7.235],
			"to": [6.79461, 13.535, 8.765],
			"rotation": {"angle": 0, "axis": "y", "origin": [7.52961, 11.27, 8]},
			"faces": {
				"north": {"uv": [7.25, 3.5, 7.5, 4], "texture": "#2"},
				"east": {"uv": [7.75, 8.25, 8, 8.75], "texture": "#2"},
				"south": {"uv": [3.5, 9.75, 3.75, 10.25], "texture": "#2"},
				"west": {"uv": [6, 9.75, 6.25, 10.25], "texture": "#2"},
				"up": {"uv": [10.75, 1, 10.5, 0.75], "texture": "#2"},
				"down": {"uv": [1.25, 10.5, 1, 10.75], "texture": "#2"}
			}
		},
		{
			"from": [9.48, 9.48, 8.24461],
			"to": [10.52, 13.52, 9.28461],
			"rotation": {"angle": 45, "axis": "y", "origin": [10, 11.48, 8.76461]},
			"faces": {
				"north": {"uv": [5.75, 9, 6, 10], "texture": "#2"},
				"east": {"uv": [9.25, 1.5, 9.5, 2.5], "texture": "#2"},
				"south": {"uv": [2.25, 9.25, 2.5, 10.25], "texture": "#2"},
				"west": {"uv": [2.5, 9.25, 2.75, 10.25], "texture": "#2"},
				"up": {"uv": [1.5, 10.75, 1.25, 10.5], "texture": "#2"},
				"down": {"uv": [10.75, 1.25, 10.5, 1.5], "texture": "#2"}
			}
		},
		{
			"from": [10.67132, 12.51421, 8],
			"to": [13.67132, 15.51421, 8],
			"rotation": {"angle": 45, "axis": "z", "origin": [14.17132, 14.51421, 7.5]},
			"faces": {
				"north": {"uv": [8.5, 5, 7.75, 5.75], "rotation": 90, "texture": "#2"},
				"east": {"uv": [0.75, 0, 0, 0], "rotation": 270, "texture": "#2"},
				"south": {"uv": [8.5, 5.75, 7.75, 5], "rotation": 90, "texture": "#2"},
				"west": {"uv": [0.75, 0, 0, 0], "rotation": 270, "texture": "#2"},
				"up": {"uv": [0, 0, 0, 0.75], "rotation": 270, "texture": "#2"},
				"down": {"uv": [0, 0, 0, 0.75], "rotation": 270, "texture": "#2"}
			}
		},
		{
			"from": [9.40782, 12.89449, 7.98],
			"to": [12.40782, 15.89449, 7.98],
			"rotation": {"angle": -22.5, "axis": "z", "origin": [11.40782, 15.89449, 7.98]},
			"faces": {
				"north": {"uv": [8, 2.75, 8.75, 2], "rotation": 90, "texture": "#2"},
				"east": {"uv": [0.75, 0, 0, 0], "rotation": 270, "texture": "#2"},
				"south": {"uv": [8, 2, 8.75, 2.75], "rotation": 90, "texture": "#2"},
				"west": {"uv": [0.75, 0, 0, 0], "rotation": 270, "texture": "#2"},
				"up": {"uv": [0, 0, 0, 0.75], "rotation": 270, "texture": "#2"},
				"down": {"uv": [0, 0, 0, 0.75], "rotation": 270, "texture": "#2"}
			}
		},
		{
			"from": [9.20539, 11.005, 7.235],
			"to": [10.73539, 13.535, 8.765],
			"rotation": {"angle": 0, "axis": "y", "origin": [8.47039, 11.27, 8]},
			"faces": {
				"north": {"uv": [10, 4.25, 10.25, 4.75], "texture": "#2"},
				"east": {"uv": [5, 10, 5.25, 10.5], "texture": "#2"},
				"south": {"uv": [5.25, 10, 5.5, 10.5], "texture": "#2"},
				"west": {"uv": [5.75, 10, 6, 10.5], "texture": "#2"},
				"up": {"uv": [2.25, 10.75, 2, 10.5], "texture": "#2"},
				"down": {"uv": [10.75, 2, 10.5, 2.25], "texture": "#2"}
			}
		},
		{
			"from": [9.48, 9.48, 6.71539],
			"to": [10.52, 13.52, 7.75539],
			"rotation": {"angle": -45, "axis": "y", "origin": [10, 11.48, 7.23539]},
			"faces": {
				"north": {"uv": [4.75, 9.25, 5, 10.25], "texture": "#2"},
				"east": {"uv": [7, 9.25, 7.25, 10.25], "texture": "#2"},
				"south": {"uv": [9.25, 8.5, 9.5, 9.5], "texture": "#2"},
				"west": {"uv": [0.75, 9.5, 1, 10.5], "texture": "#2"},
				"up": {"uv": [3, 10.75, 2.75, 10.5], "texture": "#2"},
				"down": {"uv": [3.25, 10.5, 3, 10.75], "texture": "#2"}
			}
		},
		{
			"from": [5.48, 9.48, 6.71539],
			"to": [6.52, 13.52, 7.75539],
			"rotation": {"angle": 45, "axis": "y", "origin": [6, 11.48, 7.23539]},
			"faces": {
				"north": {"uv": [1, 9.5, 1.25, 10.5], "texture": "#2"},
				"east": {"uv": [1.25, 9.5, 1.5, 10.5], "texture": "#2"},
				"south": {"uv": [1.5, 9.5, 1.75, 10.5], "texture": "#2"},
				"west": {"uv": [9.5, 1.5, 9.75, 2.5], "texture": "#2"},
				"up": {"uv": [10.75, 3.25, 10.5, 3], "texture": "#2"},
				"down": {"uv": [3.5, 10.5, 3.25, 10.75], "texture": "#2"}
			}
		},
		{
			"from": [5.48, 9.48, 8.24461],
			"to": [6.52, 13.52, 9.28461],
			"rotation": {"angle": -45, "axis": "y", "origin": [6, 11.48, 8.76461]},
			"faces": {
				"north": {"uv": [1.75, 9.5, 2, 10.5], "texture": "#2"},
				"east": {"uv": [9.5, 2.5, 9.75, 3.5], "texture": "#2"},
				"south": {"uv": [3.75, 9.5, 4, 10.5], "texture": "#2"},
				"west": {"uv": [4, 9.5, 4.25, 10.5], "texture": "#2"},
				"up": {"uv": [10.75, 3.5, 10.5, 3.25], "texture": "#2"},
				"down": {"uv": [10.75, 3.5, 10.5, 3.75], "texture": "#2"}
			}
		},
		{
			"from": [4.98, 8.98, 6.98],
			"to": [11.02, 12.02, 9.02],
			"rotation": {"angle": 0, "axis": "y", "origin": [8, 6.5, 8]},
			"faces": {
				"north": {"uv": [4.75, 2.5, 6.25, 3.25], "texture": "#2"},
				"east": {"uv": [4.75, 2.5, 5, 3.25], "texture": "#2"},
				"south": {"uv": [6.25, 2.5, 4.75, 3.25], "texture": "#2"},
				"west": {"uv": [8.75, 8, 9.25, 8.75], "texture": "#2"},
				"up": {"uv": [8.5, 0.5, 7, 0], "texture": "#2"},
				"down": {"uv": [4.75, 3, 6.25, 3.25], "texture": "#2"}
			}
		},
		{
			"from": [1, 10, 7],
			"to": [7, 13, 9],
			"rotation": {"angle": 0, "axis": "y", "origin": [8, 6.5, 8]},
			"faces": {
				"north": {"uv": [5, 4, 6.5, 4.75], "texture": "#2"},
				"east": {"uv": [5, 4, 5.25, 4.75], "texture": "#2"},
				"south": {"uv": [6.5, 4, 5, 4.75], "texture": "#2"},
				"west": {"uv": [6.25, 4, 6.5, 4.75], "texture": "#2"},
				"up": {"uv": [6.5, 4, 5, 4.25], "texture": "#2"},
				"down": {"uv": [6.5, 4.5, 5, 4.75], "texture": "#2"}
			}
		},
		{
			"from": [-2, 10.6, 7.5],
			"to": [1, 12.6, 8.5],
			"rotation": {"angle": 22.5, "axis": "z", "origin": [1, 12.6, 8]},
			"faces": {
				"north": {"uv": [9, 3.5, 9.75, 4], "texture": "#2"},
				"east": {"uv": [9, 3.5, 9.25, 4], "texture": "#2"},
				"south": {"uv": [9.75, 3.5, 9, 4], "texture": "#2"},
				"west": {"uv": [9.5, 3.5, 9.75, 4], "texture": "#2"},
				"up": {"uv": [9, 3.5, 9.75, 3.75], "texture": "#2"},
				"down": {"uv": [9.75, 3.75, 9, 4], "texture": "#2"}
			}
		},
		{
			"from": [15, 10.6, 7.5],
			"to": [18, 12.6, 8.5],
			"rotation": {"angle": -22.5, "axis": "z", "origin": [15, 12.6, 8]},
			"faces": {
				"north": {"uv": [9.75, 3.5, 9, 4], "texture": "#2"},
				"east": {"uv": [9.75, 3.5, 9.5, 4], "texture": "#2"},
				"south": {"uv": [9, 3.5, 9.75, 4], "texture": "#2"},
				"west": {"uv": [9.25, 3.5, 9, 4], "texture": "#2"},
				"up": {"uv": [9.75, 3.5, 9, 3.75], "texture": "#2"},
				"down": {"uv": [9, 3.75, 9.75, 4], "texture": "#2"}
			}
		},
		{
			"from": [12.61645, 10.96645, 7.52],
			"to": [14.57645, 12.92645, 8.48],
			"rotation": {"angle": 22.5, "axis": "z", "origin": [13.19645, 11.94645, 8]},
			"faces": {
				"north": {"uv": [10, 7, 9.5, 7.5], "texture": "#2"},
				"east": {"uv": [10, 7, 9.75, 7.5], "texture": "#2"},
				"south": {"uv": [9.5, 7, 10, 7.5], "texture": "#2"},
				"west": {"uv": [10.25, 7.75, 10, 8.25], "texture": "#2"},
				"up": {"uv": [9.5, 7, 10, 7.25], "texture": "#2"},
				"down": {"uv": [8.5, 10, 9, 10.25], "texture": "#2"}
			}
		},
		{
			"from": [11.05, 11.1, 7.5],
			"to": [13.05, 14.1, 8.5],
			"rotation": {"angle": -45, "axis": "z", "origin": [12.05, 13.1, 8]},
			"faces": {
				"north": {"uv": [9.5, 0, 9, 0.75], "texture": "#2"},
				"east": {"uv": [9.5, 0, 9.25, 0.75], "texture": "#2"},
				"south": {"uv": [9, 0, 9.5, 0.75], "texture": "#2"},
				"west": {"uv": [9.25, 0, 9, 0.75], "texture": "#2"},
				"up": {"uv": [9, 0, 9.5, 0.25], "texture": "#2"},
				"down": {"uv": [9.5, 0.5, 9, 0.75], "texture": "#2"}
			}
		},
		{
			"from": [8.98, 12.23, 7.48],
			"to": [11.02, 14.27, 8.52],
			"rotation": {"angle": -22.5, "axis": "z", "origin": [10, 13.75, 8]},
			"faces": {
				"north": {"uv": [10, 0, 9.5, 0.5], "texture": "#2"},
				"east": {"uv": [10, 0, 9.75, 0.5], "texture": "#2"},
				"south": {"uv": [9.5, 0, 10, 0.5], "texture": "#2"},
				"west": {"uv": [9.75, 0, 9.5, 0.5], "texture": "#2"},
				"up": {"uv": [9.5, 0, 10, 0.25], "texture": "#2"},
				"down": {"uv": [9.5, 0.25, 10, 0.5], "texture": "#2"}
			}
		},
		{
			"from": [1.42355, 10.96645, 7.52],
			"to": [3.38355, 12.92645, 8.48],
			"rotation": {"angle": -22.5, "axis": "z", "origin": [2.80355, 11.94645, 8]},
			"faces": {
				"north": {"uv": [9.5, 7, 10, 7.5], "texture": "#2"},
				"east": {"uv": [10, 7.75, 10.25, 8.25], "texture": "#2"},
				"south": {"uv": [10, 7, 9.5, 7.5], "texture": "#2"},
				"west": {"uv": [9.75, 7, 10, 7.5], "texture": "#2"},
				"up": {"uv": [10, 7, 9.5, 7.25], "texture": "#2"},
				"down": {"uv": [9, 10, 8.5, 10.25], "texture": "#2"}
			}
		},
		{
			"from": [2.32868, 12.51421, 8],
			"to": [5.32868, 15.51421, 8],
			"rotation": {"angle": -45, "axis": "z", "origin": [1.82868, 14.51421, 7.5]},
			"faces": {
				"north": {"uv": [8.5, 5.75, 7.75, 5], "rotation": 90, "texture": "#2"},
				"east": {"uv": [0.75, 0, 0, 0], "rotation": 270, "texture": "#2"},
				"south": {"uv": [8.5, 5, 7.75, 5.75], "rotation": 90, "texture": "#2"},
				"west": {"uv": [0.75, 0, 0, 0], "rotation": 270, "texture": "#2"},
				"up": {"uv": [0, 0.75, 0, 0], "rotation": 270, "texture": "#2"},
				"down": {"uv": [0, 0.75, 0, 0], "rotation": 270, "texture": "#2"}
			}
		},
		{
			"from": [3.59218, 12.89449, 7.98],
			"to": [6.59218, 15.89449, 7.98],
			"rotation": {"angle": 22.5, "axis": "z", "origin": [4.59218, 15.89449, 7.98]},
			"faces": {
				"north": {"uv": [8, 2, 8.75, 2.75], "rotation": 90, "texture": "#2"},
				"east": {"uv": [0.75, 0, 0, 0], "rotation": 270, "texture": "#2"},
				"south": {"uv": [8, 2.75, 8.75, 2], "rotation": 90, "texture": "#2"},
				"west": {"uv": [0.75, 0, 0, 0], "rotation": 270, "texture": "#2"},
				"up": {"uv": [0, 0.75, 0, 0], "rotation": 270, "texture": "#2"},
				"down": {"uv": [0, 0.75, 0, 0], "rotation": 270, "texture": "#2"}
			}
		},
		{
			"from": [2.95, 11.1, 7.5],
			"to": [4.95, 14.1, 8.5],
			"rotation": {"angle": 45, "axis": "z", "origin": [3.95, 13.1, 8]},
			"faces": {
				"north": {"uv": [9, 0, 9.5, 0.75], "texture": "#2"},
				"east": {"uv": [9, 0, 9.25, 0.75], "texture": "#2"},
				"south": {"uv": [9.5, 0, 9, 0.75], "texture": "#2"},
				"west": {"uv": [9.25, 0, 9.5, 0.75], "texture": "#2"},
				"up": {"uv": [9.5, 0, 9, 0.25], "texture": "#2"},
				"down": {"uv": [9, 0.5, 9.5, 0.75], "texture": "#2"}
			}
		},
		{
			"from": [4.98, 12.23, 7.48],
			"to": [7.02, 14.27, 8.52],
			"rotation": {"angle": 22.5, "axis": "z", "origin": [6, 13.75, 8]},
			"faces": {
				"north": {"uv": [9.5, 0, 10, 0.5], "texture": "#2"},
				"east": {"uv": [9.5, 0, 9.75, 0.5], "texture": "#2"},
				"south": {"uv": [10, 0, 9.5, 0.5], "texture": "#2"},
				"west": {"uv": [9.75, 0, 10, 0.5], "texture": "#2"},
				"up": {"uv": [10, 0, 9.5, 0.25], "texture": "#2"},
				"down": {"uv": [10, 0.25, 9.5, 0.5], "texture": "#2"}
			}
		},
		{
			"from": [9, 10, 7],
			"to": [15, 13, 9],
			"rotation": {"angle": 0, "axis": "y", "origin": [8, 6.5, 8]},
			"faces": {
				"north": {"uv": [6.5, 4, 5, 4.75], "texture": "#2"},
				"east": {"uv": [6.5, 4, 6.25, 4.75], "texture": "#2"},
				"south": {"uv": [5, 4, 6.5, 4.75], "texture": "#2"},
				"west": {"uv": [5.25, 4, 5, 4.75], "texture": "#2"},
				"up": {"uv": [5, 4, 6.5, 4.25], "texture": "#2"},
				"down": {"uv": [5, 4.5, 6.5, 4.75], "texture": "#2"}
			}
		}
	],
	"gui_light": "front",
	"display": {
		"thirdperson_righthand": {
			"rotation": [0, -90, 0],
			"translation": [0, 5.5, 1.25],
			"scale": [0.7, 0.7, 0.7]
		},
		"thirdperson_lefthand": {
			"rotation": [0, 90, 0],
			"translation": [0, 5.5, 1.25],
			"scale": [0.7, 0.7, 0.7]
		},
		"firstperson_righthand": {
			"rotation": [20, -90, 0],
			"translation": [2.75, 3.25, -0.75],
			"scale": [0.6, 0.6, 0.6]
		},
		"firstperson_lefthand": {
			"rotation": [20, 90, 0],
			"translation": [2.75, 3.25, -0.75],
			"scale": [0.6, 0.6, 0.6]
		},
		"ground": {
			"rotation": [0, 0, -45],
			"translation": [2.5, 8.5, 0],
			"scale": [0.5, 0.5, 0.5]
		},
		"gui": {
			"rotation": [0, 0, -45],
			"translation": [2.25, 2.25, -0.75],
			"scale": [0.575, 0.575, 0.575]
		},
		"head": {
			"rotation": [0, 0, 45],
			"translation": [14, 3.5, 0.75],
			"scale": [0.6, 0.6, 0.6]
		},
		"fixed": {
			"rotation": [0, -180, -45],
			"translation": [-3, 3, -0.75],
			"scale": [0.725, 0.725, 0.725]
		}
	},
	"groups": [
		{
			"name": "pickaxe",
			"origin": [8, 8, 8],
			"color": 0,
			"children": [
				{
					"name": "pommel",
					"origin": [8, 8, 8],
					"color": 0,
					"children": []
				},
				{
					"name": "grip",
					"origin": [8, 8, 8],
					"color": 0,
					"children": [0, 1, 2, 3, 4, 5, 6, 7, 8, 9,
						{
							"name": "handle",
							"origin": [8, 8, 8],
							"color": 0,
							"children": [10]
						}
					]
				},
				{
					"name": "guard",
					"origin": [8, 8, 8],
					"color": 0,
					"children": [
						{
							"name": "cross-guard",
							"origin": [8, 8, 8],
							"color": 0,
							"children": [
								{
									"name": "gem",
									"origin": [8, 8, 8],
									"color": 0,
									"children": [11, 12, 13, 14, 15, 16, 17, 18, 19, 20, 21, 22, 23, 24, 25, 26, 27, 28, 29, 30, 31, 32, 33, 34, 35]
								},
								{
									"name": "blade",
									"origin": [8, 8, 8],
									"color": 0,
									"children": []
								}
							]
						}
					]
				}
			]
		}
	]
}