{
	"texture_size": [64, 64],
	"textures": {
		"1": "custom/skins/owlsdev/payback/payback_sword"
	},
	"elements": [
		{
			"from": [7, -10, 7],
			"to": [9, 3, 9],
			"rotation": {"angle": 0, "axis": "y", "origin": [0, 20, 0]},
			"faces": {
				"north": {"uv": [3, 4.5, 3.5, 7.75], "texture": "#1"},
				"east": {"uv": [3.5, 4.5, 4, 7.75], "texture": "#1"},
				"south": {"uv": [4, 4.5, 4.5, 7.75], "texture": "#1"},
				"west": {"uv": [4.5, 4.5, 5, 7.75], "texture": "#1"},
				"up": {"uv": [3.5, 9, 3, 8.5], "texture": "#1"},
				"down": {"uv": [4, 8.5, 3.5, 9], "texture": "#1"}
			}
		},
		{
			"from": [6.48, -11.02, 6.98],
			"to": [9.52, -7.98, 9.02],
			"rotation": {"angle": 45, "axis": "z", "origin": [8, -9.5, 8]},
			"faces": {
				"north": {"uv": [2, 6.75, 2.75, 7.5], "texture": "#1"},
				"east": {"uv": [3, 7.75, 3.5, 8.5], "texture": "#1"},
				"south": {"uv": [6.75, 2.5, 7.5, 3.25], "texture": "#1"},
				"west": {"uv": [3.5, 7.75, 4, 8.5], "texture": "#1"},
				"up": {"uv": [7.75, 2, 7, 1.5], "texture": "#1"},
				"down": {"uv": [8.5, 1.5, 7.75, 2], "texture": "#1"}
			}
		},
		{
			"from": [6.5, -12.4, 7.5],
			"to": [9.5, -9.4, 8.5],
			"rotation": {"angle": 45, "axis": "z", "origin": [8, -10.9, 8]},
			"faces": {
				"north": {"uv": [6.75, 3.25, 7.5, 4], "texture": "#1"},
				"east": {"uv": [2.75, 6.75, 3, 7.5], "texture": "#1"},
				"south": {"uv": [7, 0, 7.75, 0.75], "texture": "#1"},
				"west": {"uv": [7.25, 8.75, 7.5, 9.5], "texture": "#1"},
				"up": {"uv": [9.5, 1.25, 8.75, 1], "texture": "#1"},
				"down": {"uv": [9.5, 5, 8.75, 5.25], "texture": "#1"}
			}
		},
		{
			"from": [3.5, -15.4, 8],
			"to": [12.5, -6.4, 8],
			"rotation": {"angle": 45, "axis": "z", "origin": [8, -10.9, 8]},
			"faces": {
				"north": {"uv": [2.5, 0, 4.75, 2.25], "texture": "#1"},
				"east": {"uv": [0, 0, 0, 2.25], "texture": "#1"},
				"south": {"uv": [4.75, 0, 2.5, 2.25], "texture": "#1"},
				"west": {"uv": [0, 0, 0, 2.25], "texture": "#1"},
				"up": {"uv": [2.25, 0, 0, 0], "texture": "#1"},
				"down": {"uv": [2.25, 0, 0, 0], "texture": "#1"}
			}
		},
		{
			"from": [6.5, -7, 6.5],
			"to": [9.5, 2, 9.5],
			"rotation": {"angle": 0, "axis": "y", "origin": [8, -2.7, 8]},
			"faces": {
				"north": {"uv": [0, 4.5, 0.75, 6.75], "texture": "#1"},
				"east": {"uv": [0.75, 4.5, 1.5, 6.75], "texture": "#1"},
				"south": {"uv": [1.5, 4.5, 2.25, 6.75], "texture": "#1"},
				"west": {"uv": [2.25, 4.5, 3, 6.75], "texture": "#1"},
				"up": {"uv": [7.75, 1.5, 7, 0.75], "texture": "#1"},
				"down": {"uv": [7.75, 6.5, 7, 7.25], "texture": "#1"}
			}
		},
		{
			"from": [5.96, 5.71, 6.96],
			"to": [9.04, 8.79, 9.04],
			"rotation": {"angle": -45, "axis": "z", "origin": [8, 6.75, 8]},
			"faces": {
				"north": {"uv": [7, 7.25, 7.75, 8], "texture": "#1"},
				"east": {"uv": [4, 7.75, 4.5, 8.5], "texture": "#1"},
				"south": {"uv": [0, 7.5, 0.75, 8.25], "texture": "#1"},
				"west": {"uv": [4.5, 7.75, 5, 8.5], "texture": "#1"},
				"up": {"uv": [8.5, 6.75, 7.75, 6.25], "texture": "#1"},
				"down": {"uv": [8.5, 6.75, 7.75, 7.25], "texture": "#1"}
			}
		},
		{
			"from": [6.46, 1.96, 6.96],
			"to": [9.54, 5.04, 9.04],
			"rotation": {"angle": -45, "axis": "z", "origin": [8, 3.5, 8]},
			"faces": {
				"north": {"uv": [0.75, 7.5, 1.5, 8.25], "texture": "#1"},
				"east": {"uv": [7.75, 7.25, 8.25, 8], "texture": "#1"},
				"south": {"uv": [1.5, 7.5, 2.25, 8.25], "texture": "#1"},
				"west": {"uv": [7, 8, 7.5, 8.75], "texture": "#1"},
				"up": {"uv": [8.75, 2.5, 8, 2], "texture": "#1"},
				"down": {"uv": [8.25, 8, 7.5, 8.5], "texture": "#1"}
			}
		},
		{
			"from": [6.44, 3.94, 6.94],
			"to": [9.6, 7.1, 9.1],
			"rotation": {"angle": 0, "axis": "y", "origin": [8.02, 5.52, 8.02]},
			"faces": {
				"north": {"uv": [2.25, 7.5, 3, 8.25], "texture": "#1"},
				"east": {"uv": [0, 8.25, 0.5, 9], "texture": "#1"},
				"south": {"uv": [7.5, 2.5, 8.25, 3.25], "texture": "#1"},
				"west": {"uv": [0.5, 8.25, 1, 9], "texture": "#1"},
				"up": {"uv": [1.75, 8.75, 1, 8.25], "texture": "#1"},
				"down": {"uv": [2.5, 8.25, 1.75, 8.75], "texture": "#1"}
			}
		},
		{
			"from": [6, 3.5, 6.5],
			"to": [10, 7.5, 9.5],
			"rotation": {"angle": 0, "axis": "y", "origin": [8, 5.5, 8]},
			"faces": {
				"north": {"uv": [5.5, 4, 6.5, 5], "texture": "#1"},
				"east": {"uv": [5.5, 6.5, 6.25, 7.5], "texture": "#1"},
				"south": {"uv": [5.5, 5, 6.5, 6], "texture": "#1"},
				"west": {"uv": [6.25, 6.5, 7, 7.5], "texture": "#1"},
				"up": {"uv": [1, 7.5, 0, 6.75], "texture": "#1"},
				"down": {"uv": [2, 6.75, 1, 7.5], "texture": "#1"}
			}
		},
		{
			"from": [5.26461, 5.005, 7.235],
			"to": [6.79461, 7.535, 8.765],
			"rotation": {"angle": 0, "axis": "y", "origin": [7.52961, 5.27, 8]},
			"faces": {
				"north": {"uv": [4.75, 4, 5, 4.5], "texture": "#1"},
				"east": {"uv": [5, 9, 5.25, 9.5], "texture": "#1"},
				"south": {"uv": [5.25, 9, 5.5, 9.5], "texture": "#1"},
				"west": {"uv": [9, 5.25, 9.25, 5.75], "texture": "#1"},
				"up": {"uv": [7.75, 6.5, 7.5, 6.25], "texture": "#1"},
				"down": {"uv": [8.75, 1.75, 8.5, 2], "texture": "#1"}
			}
		},
		{
			"from": [9.48, 3.48, 8.24461],
			"to": [10.52, 7.52, 9.28461],
			"rotation": {"angle": 45, "axis": "y", "origin": [10, 5.48, 8.76461]},
			"faces": {
				"north": {"uv": [4, 8.5, 4.25, 9.5], "texture": "#1"},
				"east": {"uv": [4.25, 8.5, 4.5, 9.5], "texture": "#1"},
				"south": {"uv": [4.5, 8.5, 4.75, 9.5], "texture": "#1"},
				"west": {"uv": [4.75, 8.5, 5, 9.5], "texture": "#1"},
				"up": {"uv": [9, 2.5, 8.75, 2.25], "texture": "#1"},
				"down": {"uv": [9.75, 4.25, 9.5, 4.5], "texture": "#1"}
			}
		},
		{
			"from": [12.16361, 3.42379, 7.96],
			"to": [13.16361, 4.42379, 7.96],
			"rotation": {"angle": -22.5, "axis": "z", "origin": [12.41361, 3.92379, 7.46]},
			"faces": {
				"north": {"uv": [4.5, 9.5, 4.75, 9.75], "texture": "#1"},
				"east": {"uv": [0, 0, 0, 0.25], "texture": "#1"},
				"south": {"uv": [9.5, 4.5, 9.75, 4.75], "texture": "#1"},
				"west": {"uv": [0, 0, 0, 0.25], "texture": "#1"},
				"up": {"uv": [0.25, 0, 0, 0], "texture": "#1"},
				"down": {"uv": [0.25, 0, 0, 0], "texture": "#1"}
			}
		},
		{
			"from": [11.06533, -0.47635, 8],
			"to": [14.06533, 2.52365, 8],
			"rotation": {"angle": 22.5, "axis": "z", "origin": [12.56533, 1.02365, 7.96]},
			"faces": {
				"north": {"uv": [7.5, 3.25, 8.25, 4], "texture": "#1"},
				"east": {"uv": [0, 0, 0, 0.75], "texture": "#1"},
				"south": {"uv": [7.5, 4, 8.25, 4.75], "texture": "#1"},
				"west": {"uv": [0, 0, 0, 0.75], "texture": "#1"},
				"up": {"uv": [0.75, 0, 0, 0], "texture": "#1"},
				"down": {"uv": [0.75, 0, 0, 0], "texture": "#1"}
			}
		},
		{
			"from": [11.82345, 2.13284, 7.46],
			"to": [13.90345, 4.21284, 8.54],
			"rotation": {"angle": 45, "axis": "z", "origin": [12.61345, 1.92284, 8]},
			"faces": {
				"north": {"uv": [5, 8.5, 5.5, 9], "texture": "#1"},
				"east": {"uv": [9, 5.75, 9.25, 6.25], "texture": "#1"},
				"south": {"uv": [8.5, 6.25, 9, 6.75], "texture": "#1"},
				"west": {"uv": [9, 6.25, 9.25, 6.75], "texture": "#1"},
				"up": {"uv": [9.5, 4.5, 9, 4.25], "texture": "#1"},
				"down": {"uv": [9.5, 6.75, 9, 7], "texture": "#1"}
			}
		},
		{
			"from": [11.72972, 5.34513, 8],
			"to": [12.72972, 6.34513, 8],
			"rotation": {"angle": 0, "axis": "y", "origin": [12.72972, 4.34513, 8]},
			"faces": {
				"north": {"uv": [4.75, 9.5, 5, 9.75], "texture": "#1"},
				"east": {"uv": [0, 0, 0, 0.25], "texture": "#1"},
				"south": {"uv": [9.5, 4.75, 9.75, 5], "texture": "#1"},
				"west": {"uv": [0, 0, 0, 0.25], "texture": "#1"},
				"up": {"uv": [0.25, 0, 0, 0], "texture": "#1"},
				"down": {"uv": [0.25, 0, 0, 0], "texture": "#1"}
			}
		},
		{
			"from": [11.77, 3.83, 7.48],
			"to": [13.85, 5.91, 8.56],
			"rotation": {"angle": 0, "axis": "y", "origin": [13.97769, 4.28828, 8.02]},
			"faces": {
				"north": {"uv": [8.5, 6.75, 9, 7.25], "texture": "#1"},
				"east": {"uv": [7.5, 9, 7.75, 9.5], "texture": "#1"},
				"south": {"uv": [7.5, 8.5, 8, 9], "texture": "#1"},
				"west": {"uv": [7.75, 9, 8, 9.5], "texture": "#1"},
				"up": {"uv": [9.5, 7.25, 9, 7], "texture": "#1"},
				"down": {"uv": [9.5, 8.75, 9, 9], "texture": "#1"}
			}
		},
		{
			"from": [13.33359, 3.13263, 7.98],
			"to": [16.33359, 6.13263, 7.98],
			"rotation": {"angle": -22.5, "axis": "z", "origin": [13.03216, 4.72322, 7.98]},
			"faces": {
				"north": {"uv": [7.5, 4.75, 8.25, 5.5], "texture": "#1"},
				"east": {"uv": [0, 0, 0, 0.75], "texture": "#1"},
				"south": {"uv": [5.5, 7.5, 6.25, 8.25], "texture": "#1"},
				"west": {"uv": [0, 0, 0, 0.75], "texture": "#1"},
				"up": {"uv": [0.75, 0, 0, 0], "texture": "#1"},
				"down": {"uv": [0.75, 0, 0, 0], "texture": "#1"}
			}
		},
		{
			"from": [11.58328, 6.6129, 8],
			"to": [15.58328, 10.6129, 8],
			"rotation": {"angle": -45, "axis": "z", "origin": [13.58328, 8.1129, 7.98]},
			"faces": {
				"north": {"uv": [6, 0, 7, 1], "texture": "#1"},
				"east": {"uv": [0, 0, 0, 1], "texture": "#1"},
				"south": {"uv": [6, 1, 7, 2], "texture": "#1"},
				"west": {"uv": [0, 0, 0, 1], "texture": "#1"},
				"up": {"uv": [1, 0, 0, 0], "texture": "#1"},
				"down": {"uv": [1, 0, 0, 0], "texture": "#1"}
			}
		},
		{
			"from": [9.24198, 6.87386, 7.52],
			"to": [12.20198, 8.83386, 8.48],
			"rotation": {"angle": -22.5, "axis": "z", "origin": [10.72198, 7.85386, 7.98]},
			"faces": {
				"north": {"uv": [8.25, 2.5, 9, 3], "texture": "#1"},
				"east": {"uv": [8.25, 9, 8.5, 9.5], "texture": "#1"},
				"south": {"uv": [8.25, 3, 9, 3.5], "texture": "#1"},
				"west": {"uv": [9, 9, 9.25, 9.5], "texture": "#1"},
				"up": {"uv": [3.25, 9.25, 2.5, 9], "texture": "#1"},
				"down": {"uv": [9.75, 2.75, 9, 3], "texture": "#1"}
			}
		},
		{
			"from": [9.8851, 6.07767, 7.5],
			"to": [12.8851, 8.07767, 8.5],
			"rotation": {"angle": 22.5, "axis": "z", "origin": [12.3851, 7.07767, 8.08]},
			"faces": {
				"north": {"uv": [8.25, 3.5, 9, 4], "texture": "#1"},
				"east": {"uv": [9.25, 1.75, 9.5, 2.25], "texture": "#1"},
				"south": {"uv": [8.25, 4, 9, 4.5], "texture": "#1"},
				"west": {"uv": [2.5, 9.25, 2.75, 9.75], "texture": "#1"},
				"up": {"uv": [9.75, 3.25, 9, 3], "texture": "#1"},
				"down": {"uv": [4, 9, 3.25, 9.25], "texture": "#1"}
			}
		},
		{
			"from": [9.20539, 5.005, 7.235],
			"to": [10.73539, 7.535, 8.765],
			"rotation": {"angle": 0, "axis": "y", "origin": [8.47039, 5.27, 8]},
			"faces": {
				"north": {"uv": [2.75, 9.25, 3, 9.75], "texture": "#1"},
				"east": {"uv": [3, 9.25, 3.25, 9.75], "texture": "#1"},
				"south": {"uv": [3.25, 9.25, 3.5, 9.75], "texture": "#1"},
				"west": {"uv": [3.5, 9.25, 3.75, 9.75], "texture": "#1"},
				"up": {"uv": [5.25, 9.75, 5, 9.5], "texture": "#1"},
				"down": {"uv": [9.75, 5, 9.5, 5.25], "texture": "#1"}
			}
		},
		{
			"from": [9.48, 3.48, 6.71539],
			"to": [10.52, 7.52, 7.75539],
			"rotation": {"angle": -45, "axis": "y", "origin": [10, 5.48, 7.23539]},
			"faces": {
				"north": {"uv": [8.5, 7.75, 8.75, 8.75], "texture": "#1"},
				"east": {"uv": [8, 8.5, 8.25, 9.5], "texture": "#1"},
				"south": {"uv": [8.75, 0, 9, 1], "texture": "#1"},
				"west": {"uv": [1, 8.75, 1.25, 9.75], "texture": "#1"},
				"up": {"uv": [5.5, 9.75, 5.25, 9.5], "texture": "#1"},
				"down": {"uv": [9.75, 5.75, 9.5, 6], "texture": "#1"}
			}
		},
		{
			"from": [5.48, 3.48, 6.71539],
			"to": [6.52, 7.52, 7.75539],
			"rotation": {"angle": 45, "axis": "y", "origin": [6, 5.48, 7.23539]},
			"faces": {
				"north": {"uv": [1.25, 8.75, 1.5, 9.75], "texture": "#1"},
				"east": {"uv": [1.5, 8.75, 1.75, 9.75], "texture": "#1"},
				"south": {"uv": [1.75, 8.75, 2, 9.75], "texture": "#1"},
				"west": {"uv": [2, 8.75, 2.25, 9.75], "texture": "#1"},
				"up": {"uv": [9.75, 6.25, 9.5, 6], "texture": "#1"},
				"down": {"uv": [6.75, 9.5, 6.5, 9.75], "texture": "#1"}
			}
		},
		{
			"from": [5.48, 3.48, 8.24461],
			"to": [6.52, 7.52, 9.28461],
			"rotation": {"angle": -45, "axis": "y", "origin": [6, 5.48, 8.76461]},
			"faces": {
				"north": {"uv": [2.25, 8.75, 2.5, 9.75], "texture": "#1"},
				"east": {"uv": [5.5, 8.75, 5.75, 9.75], "texture": "#1"},
				"south": {"uv": [5.75, 8.75, 6, 9.75], "texture": "#1"},
				"west": {"uv": [6, 8.75, 6.25, 9.75], "texture": "#1"},
				"up": {"uv": [7, 9.75, 6.75, 9.5], "texture": "#1"},
				"down": {"uv": [9.75, 6.75, 9.5, 7], "texture": "#1"}
			}
		},
		{
			"from": [3.98, 2.98, 6.98],
			"to": [12.02, 6.02, 9.02],
			"rotation": {"angle": 0, "axis": "y", "origin": [8, 0.5, 8]},
			"faces": {
				"north": {"uv": [4.75, 2.5, 6.75, 3.25], "texture": "#1"},
				"east": {"uv": [2.5, 8.25, 3, 9], "texture": "#1"},
				"south": {"uv": [4.75, 3.25, 6.75, 4], "texture": "#1"},
				"west": {"uv": [8.25, 4.5, 8.75, 5.25], "texture": "#1"},
				"up": {"uv": [8, 2.5, 6, 2], "texture": "#1"},
				"down": {"uv": [7.5, 6, 5.5, 6.5], "texture": "#1"}
			}
		},
		{
			"from": [2.15, 3.83, 7.48],
			"to": [4.23, 5.91, 8.56],
			"rotation": {"angle": 0, "axis": "y", "origin": [2.02231, 4.28828, 8.02]},
			"faces": {
				"north": {"uv": [8.75, 1.75, 9.25, 2.25], "texture": "#1"},
				"east": {"uv": [3.75, 9.25, 4, 9.75], "texture": "#1"},
				"south": {"uv": [8.75, 4.5, 9.25, 5], "texture": "#1"},
				"west": {"uv": [9.25, 4.5, 9.5, 5], "texture": "#1"},
				"up": {"uv": [9.75, 5.5, 9.25, 5.25], "texture": "#1"},
				"down": {"uv": [9.75, 5.5, 9.25, 5.75], "texture": "#1"}
			}
		},
		{
			"from": [-0.33359, 3.13263, 7.98],
			"to": [2.66641, 6.13263, 7.98],
			"rotation": {"angle": 22.5, "axis": "z", "origin": [2.96784, 4.72322, 7.98]},
			"faces": {
				"north": {"uv": [7.5, 5.5, 8.25, 6.25], "texture": "#1"},
				"east": {"uv": [0, 0, 0, 0.75], "texture": "#1"},
				"south": {"uv": [6.25, 7.5, 7, 8.25], "texture": "#1"},
				"west": {"uv": [0, 0, 0, 0.75], "texture": "#1"},
				"up": {"uv": [0.75, 0, 0, 0], "texture": "#1"},
				"down": {"uv": [0.75, 0, 0, 0], "texture": "#1"}
			}
		},
		{
			"from": [2.09655, 2.13284, 7.46],
			"to": [4.17655, 4.21284, 8.54],
			"rotation": {"angle": -45, "axis": "z", "origin": [3.38655, 1.92284, 8]},
			"faces": {
				"north": {"uv": [6.25, 8.75, 6.75, 9.25], "texture": "#1"},
				"east": {"uv": [9.25, 5.75, 9.5, 6.25], "texture": "#1"},
				"south": {"uv": [6.75, 8.75, 7.25, 9.25], "texture": "#1"},
				"west": {"uv": [6.25, 9.25, 6.5, 9.75], "texture": "#1"},
				"up": {"uv": [9.75, 6.5, 9.25, 6.25], "texture": "#1"},
				"down": {"uv": [7, 9.25, 6.5, 9.5], "texture": "#1"}
			}
		},
		{
			"from": [1.93467, -0.47635, 8],
			"to": [4.93467, 2.52365, 8],
			"rotation": {"angle": -22.5, "axis": "z", "origin": [3.43467, 1.02365, 7.96]},
			"faces": {
				"north": {"uv": [7.75, 0, 8.5, 0.75], "texture": "#1"},
				"east": {"uv": [0, 0, 0, 0.75], "texture": "#1"},
				"south": {"uv": [7.75, 0.75, 8.5, 1.5], "texture": "#1"},
				"west": {"uv": [0, 0, 0, 0.75], "texture": "#1"},
				"up": {"uv": [0.75, 0, 0, 0], "texture": "#1"},
				"down": {"uv": [0.75, 0, 0, 0], "texture": "#1"}
			}
		},
		{
			"from": [3.1149, 6.07767, 7.5],
			"to": [6.1149, 8.07767, 8.5],
			"rotation": {"angle": -22.5, "axis": "z", "origin": [3.6149, 7.07767, 8.08]},
			"faces": {
				"north": {"uv": [8.25, 5.25, 9, 5.75], "texture": "#1"},
				"east": {"uv": [7, 9.25, 7.25, 9.75], "texture": "#1"},
				"south": {"uv": [5.5, 8.25, 6.25, 8.75], "texture": "#1"},
				"west": {"uv": [9.25, 7.75, 9.5, 8.25], "texture": "#1"},
				"up": {"uv": [9.75, 3.5, 9, 3.25], "texture": "#1"},
				"down": {"uv": [9.75, 3.5, 9, 3.75], "texture": "#1"}
			}
		},
		{
			"from": [3.27028, 5.34513, 8],
			"to": [4.27028, 6.34513, 8],
			"rotation": {"angle": 0, "axis": "y", "origin": [3.27028, 4.34513, 8]},
			"faces": {
				"north": {"uv": [9.5, 7, 9.75, 7.25], "texture": "#1"},
				"east": {"uv": [0, 0, 0, 0.25], "texture": "#1"},
				"south": {"uv": [7.25, 9.5, 7.5, 9.75], "texture": "#1"},
				"west": {"uv": [0, 0, 0, 0.25], "texture": "#1"},
				"up": {"uv": [0.25, 0, 0, 0], "texture": "#1"},
				"down": {"uv": [0.25, 0, 0, 0], "texture": "#1"}
			}
		},
		{
			"from": [2.83639, 3.42379, 7.96],
			"to": [3.83639, 4.42379, 7.96],
			"rotation": {"angle": 22.5, "axis": "z", "origin": [3.58639, 3.92379, 7.46]},
			"faces": {
				"north": {"uv": [9.5, 7.25, 9.75, 7.5], "texture": "#1"},
				"east": {"uv": [0, 0, 0, 0.25], "texture": "#1"},
				"south": {"uv": [7.5, 9.5, 7.75, 9.75], "texture": "#1"},
				"west": {"uv": [0, 0, 0, 0.25], "texture": "#1"},
				"up": {"uv": [0.25, 0, 0, 0], "texture": "#1"},
				"down": {"uv": [0.25, 0, 0, 0], "texture": "#1"}
			}
		},
		{
			"from": [0.41672, 6.6129, 8],
			"to": [4.41672, 10.6129, 8],
			"rotation": {"angle": 45, "axis": "z", "origin": [2.41672, 8.1129, 7.98]},
			"faces": {
				"north": {"uv": [6.5, 4, 7.5, 5], "texture": "#1"},
				"east": {"uv": [0, 0, 0, 1], "texture": "#1"},
				"south": {"uv": [6.5, 5, 7.5, 6], "texture": "#1"},
				"west": {"uv": [0, 0, 0, 1], "texture": "#1"},
				"up": {"uv": [1, 0, 0, 0], "texture": "#1"},
				"down": {"uv": [1, 0, 0, 0], "texture": "#1"}
			}
		},
		{
			"from": [5.5, 6, 7.5],
			"to": [10.5, 24, 8.5],
			"rotation": {"angle": 0, "axis": "y", "origin": [8, 7.5, 8]},
			"faces": {
				"north": {"uv": [0, 0, 1.25, 4.5], "texture": "#1"},
				"east": {"uv": [5, 4, 5.25, 8.5], "texture": "#1"},
				"south": {"uv": [1.25, 0, 2.5, 4.5], "texture": "#1"},
				"west": {"uv": [5.25, 4, 5.5, 8.5], "texture": "#1"},
				"up": {"uv": [9.5, 7.5, 8.25, 7.25], "texture": "#1"},
				"down": {"uv": [9.5, 7.5, 8.25, 7.75], "texture": "#1"}
			}
		},
		{
			"from": [5.27, 19.42, 7.52],
			"to": [7.23, 21.38, 8.48],
			"rotation": {"angle": 45, "axis": "z", "origin": [7.75, 18.9, 8]},
			"faces": {
				"north": {"uv": [8.75, 7.75, 9.25, 8.25], "texture": "#1"},
				"east": {"uv": [9.25, 8.25, 9.5, 8.75], "texture": "#1"},
				"south": {"uv": [8.75, 8.25, 9.25, 8.75], "texture": "#1"},
				"west": {"uv": [8.5, 9.25, 8.75, 9.75], "texture": "#1"},
				"up": {"uv": [9.75, 6.75, 9.25, 6.5], "texture": "#1"},
				"down": {"uv": [9.75, 9, 9.25, 9.25], "texture": "#1"}
			}
		},
		{
			"from": [5.27, 14.42, 7.52],
			"to": [7.23, 16.38, 8.48],
			"rotation": {"angle": 45, "axis": "z", "origin": [7.75, 13.9, 8]},
			"faces": {
				"north": {"uv": [8.5, 8.75, 9, 9.25], "texture": "#1"},
				"east": {"uv": [8.75, 9.25, 9, 9.75], "texture": "#1"},
				"south": {"uv": [0, 9, 0.5, 9.5], "texture": "#1"},
				"west": {"uv": [9.25, 9.25, 9.5, 9.75], "texture": "#1"},
				"up": {"uv": [0.5, 9.75, 0, 9.5], "texture": "#1"},
				"down": {"uv": [10, 0, 9.5, 0.25], "texture": "#1"}
			}
		},
		{
			"from": [8.77, 14.42, 7.52],
			"to": [10.73, 16.38, 8.48],
			"rotation": {"angle": -45, "axis": "z", "origin": [8.25, 13.9, 8]},
			"faces": {
				"north": {"uv": [9, 0, 9.5, 0.5], "texture": "#1"},
				"east": {"uv": [9.5, 0.25, 9.75, 0.75], "texture": "#1"},
				"south": {"uv": [0.5, 9, 1, 9.5], "texture": "#1"},
				"west": {"uv": [0.5, 9.5, 0.75, 10], "texture": "#1"},
				"up": {"uv": [10, 1, 9.5, 0.75], "texture": "#1"},
				"down": {"uv": [10, 1, 9.5, 1.25], "texture": "#1"}
			}
		},
		{
			"from": [8.77, 19.42, 7.52],
			"to": [10.73, 21.38, 8.48],
			"rotation": {"angle": -45, "axis": "z", "origin": [8.25, 18.9, 8]},
			"faces": {
				"north": {"uv": [9, 0.5, 9.5, 1], "texture": "#1"},
				"east": {"uv": [0.75, 9.5, 1, 10], "texture": "#1"},
				"south": {"uv": [9, 2.25, 9.5, 2.75], "texture": "#1"},
				"west": {"uv": [9.5, 1.75, 9.75, 2.25], "texture": "#1"},
				"up": {"uv": [10, 2.5, 9.5, 2.25], "texture": "#1"},
				"down": {"uv": [10, 2.5, 9.5, 2.75], "texture": "#1"}
			}
		},
		{
			"from": [3.79802, 6.87386, 7.52],
			"to": [6.75802, 8.83386, 8.48],
			"rotation": {"angle": 22.5, "axis": "z", "origin": [5.27802, 7.85386, 7.98]},
			"faces": {
				"north": {"uv": [8.25, 5.75, 9, 6.25], "texture": "#1"},
				"east": {"uv": [4, 9.5, 4.25, 10], "texture": "#1"},
				"south": {"uv": [6.25, 8.25, 7, 8.75], "texture": "#1"},
				"west": {"uv": [4.25, 9.5, 4.5, 10], "texture": "#1"},
				"up": {"uv": [9.75, 4, 9, 3.75], "texture": "#1"},
				"down": {"uv": [9.75, 4, 9, 4.25], "texture": "#1"}
			}
		},
		{
			"from": [5.48, 21.48, 7.48],
			"to": [10.52, 26.52, 8.52],
			"rotation": {"angle": -45, "axis": "z", "origin": [8, 24, 8]},
			"faces": {
				"north": {"uv": [4.75, 0, 6, 1.25], "texture": "#1"},
				"east": {"uv": [8.25, 7.75, 8.5, 9], "texture": "#1"},
				"south": {"uv": [4.75, 1.25, 6, 2.5], "texture": "#1"},
				"west": {"uv": [8.5, 0, 8.75, 1.25], "texture": "#1"},
				"up": {"uv": [9.75, 1.5, 8.5, 1.25], "texture": "#1"},
				"down": {"uv": [9.75, 1.5, 8.5, 1.75], "texture": "#1"}
			}
		}
	],
	"gui_light": "front",
	"display": {
		"thirdperson_righthand": {
			"rotation": [0, -90, 0],
			"translation": [0, 4.75, 1.25],
			"scale": [0.7, 0.7, 0.7]
		},
		"thirdperson_lefthand": {
			"rotation": [0, 90, 0],
			"translation": [0, 4.75, 1.25],
			"scale": [0.7, 0.7, 0.7]
		},
		"firstperson_righthand": {
			"rotation": [20, -90, 0],
			"translation": [2.75, 0.5, -2.5],
			"scale": [0.6, 0.6, 0.6]
		},
		"firstperson_lefthand": {
			"rotation": [20, 90, 0],
			"translation": [2.75, 0.5, -2.5],
			"scale": [0.6, 0.6, 0.6]
		},
		"ground": {
			"rotation": [0, 0, -45],
			"translation": [2.5, 8.5, 0],
			"scale": [0.5, 0.5, 0.5]
		},
		"gui": {
			"rotation": [0, 0, -45],
			"translation": [1, 1, -0.75],
			"scale": [0.5, 0.5, 0.5]
		},
		"head": {
			"rotation": [0, 0, 45],
			"translation": [14, 3.5, 0.75],
			"scale": [0.6, 0.6, 0.6]
		},
		"fixed": {
			"rotation": [0, -180, -45],
			"translation": [-1.25, 1.25, -0.75],
			"scale": [0.6, 0.6, 0.6]
		}
	},
	"groups": [
		{
			"name": "pickaxe",
			"origin": [8, 8, 8],
			"color": 0,
			"children": [
				{
					"name": "pommel",
					"origin": [8, 8, 8],
					"color": 0,
					"children": []
				},
				{
					"name": "grip",
					"origin": [8, 8, 8],
					"color": 0,
					"children": [0, 1, 2, 3,
						{
							"name": "handle",
							"origin": [8, 8, 8],
							"color": 0,
							"children": [4]
						}
					]
				},
				{
					"name": "guard",
					"origin": [8, 8, 8],
					"color": 0,
					"children": [
						{
							"name": "cross-guard",
							"origin": [8, 8, 8],
							"color": 0,
							"children": [
								{
									"name": "gem",
									"origin": [8, 8, 8],
									"color": 0,
									"children": [5, 6, 7, 8, 9, 10, 11, 12, 13, 14, 15, 16, 17, 18, 19, 20, 21, 22, 23, 24, 25, 26, 27, 28, 29, 30, 31, 32, 33, 34, 35, 36, 37, 38, 39]
								},
								{
									"name": "blade",
									"origin": [8, 8, 8],
									"color": 0,
									"children": []
								}
							]
						}
					]
				}
			]
		}
	]
}