{
	"credit": "Made with Blockbench",
	"texture_size": [128, 128],
	"textures": {
		"0": "custom/skins/owlsdev/moon_crossbow/moon_crossbow",
		"particle": "custom/skins/owlsdev/moon_crossbow/moon_crossbow"
	},
	"elements": [
		{
			"from": [10.23654, 8.05388, 20.99838],
			"to": [13.23654, 10.05388, 25.99838],
			"rotation": {"angle": 45, "axis": "y", "origin": [11.76154, 9.05388, 24.49838]},
			"faces": {
				"north": {"uv": [0.625, 7, 1, 7.25], "texture": "#0"},
				"east": {"uv": [0, 7, 0.625, 7.25], "texture": "#0"},
				"south": {"uv": [1.625, 7, 2, 7.25], "texture": "#0"},
				"west": {"uv": [1, 7, 1.625, 7.25], "texture": "#0"},
				"up": {"uv": [1, 7, 0.625, 6.375], "texture": "#0"},
				"down": {"uv": [1.375, 6.375, 1, 7], "texture": "#0"}
			}
		},
		{
			"from": [12.46978, 4.05388, -14.55987],
			"to": [14.46978, 10.05388, -8.55987],
			"rotation": {"angle": 45, "axis": "y", "origin": [14.81978, 5.05388, -10.55987]},
			"faces": {
				"north": {"uv": [2.625, 2.875, 2.875, 3.625], "texture": "#0"},
				"east": {"uv": [1.875, 2.875, 2.625, 3.625], "texture": "#0"},
				"south": {"uv": [3.625, 2.875, 3.875, 3.625], "texture": "#0"},
				"west": {"uv": [2.875, 2.875, 3.625, 3.625], "texture": "#0"},
				"up": {"uv": [2.875, 2.875, 2.625, 2.125], "texture": "#0"},
				"down": {"uv": [3.125, 2.125, 2.875, 2.875], "texture": "#0"}
			}
		},
		{
			"from": [10.23654, 4.05388, -9.67338],
			"to": [13.23654, 6.05388, -4.67338],
			"rotation": {"angle": -45, "axis": "y", "origin": [11.76154, 5.05388, -8.17338]},
			"faces": {
				"north": {"uv": [4.125, 6, 4.5, 6.25], "texture": "#0"},
				"east": {"uv": [3.5, 6, 4.125, 6.25], "texture": "#0"},
				"south": {"uv": [5.125, 6, 5.5, 6.25], "texture": "#0"},
				"west": {"uv": [4.5, 6, 5.125, 6.25], "texture": "#0"},
				"up": {"uv": [4.5, 6, 4.125, 5.375], "texture": "#0"},
				"down": {"uv": [4.875, 5.375, 4.5, 6], "texture": "#0"}
			}
		},
		{
			"from": [6.7326, 4.02388, -7.35573],
			"to": [9.7726, 6.06388, -3.31573],
			"rotation": {"angle": -22.5, "axis": "y", "origin": [7.2526, 5.04388, -2.33573]},
			"faces": {
				"north": {"uv": [0.5, 9.125, 0.875, 9.375], "texture": "#0"},
				"east": {"uv": [0, 9.125, 0.5, 9.375], "texture": "#0"},
				"south": {"uv": [1.375, 9.125, 1.75, 9.375], "texture": "#0"},
				"west": {"uv": [0.875, 9.125, 1.375, 9.375], "texture": "#0"},
				"up": {"uv": [0.875, 9.125, 0.5, 8.625], "texture": "#0"},
				"down": {"uv": [1.25, 8.625, 0.875, 9.125], "texture": "#0"}
			}
		},
		{
			"from": [3.7526, 4.04388, -3.33573],
			"to": [9.7526, 10.04388, -1.33573],
			"rotation": {"angle": -22.5, "axis": "y", "origin": [7.2526, 5.04388, -2.33573]},
			"faces": {
				"north": {"uv": [4.875, 2.5, 5.625, 3.25], "texture": "#0"},
				"east": {"uv": [4.625, 2.5, 4.875, 3.25], "texture": "#0"},
				"south": {"uv": [5.875, 2.5, 6.625, 3.25], "texture": "#0"},
				"west": {"uv": [5.625, 2.5, 5.875, 3.25], "texture": "#0"},
				"up": {"uv": [5.625, 2.5, 4.875, 2.25], "texture": "#0"},
				"down": {"uv": [6.375, 2.25, 5.625, 2.5], "texture": "#0"}
			}
		},
		{
			"from": [4.76783, 4.05388, -1.32469],
			"to": [7.74783, 6.03388, 2.65531],
			"rotation": {"angle": -22.5, "axis": "y", "origin": [6.75783, 5.04388, 0.16531]},
			"faces": {
				"north": {"uv": [7.875, 2.5, 8.25, 2.75], "texture": "#0"},
				"east": {"uv": [7.375, 2.5, 7.875, 2.75], "texture": "#0"},
				"south": {"uv": [8.75, 2.5, 9.125, 2.75], "texture": "#0"},
				"west": {"uv": [8.25, 2.5, 8.75, 2.75], "texture": "#0"},
				"up": {"uv": [8.25, 2.5, 7.875, 2], "texture": "#0"},
				"down": {"uv": [8.625, 2, 8.25, 2.5], "texture": "#0"}
			}
		},
		{
			"from": [4.25992, 4.04388, 1.16845],
			"to": [7.25992, 6.04388, 8.16845],
			"rotation": {"angle": 0, "axis": "y", "origin": [2.25992, 13.04388, 14.16845]},
			"faces": {
				"north": {"uv": [0.875, 2.125, 1.25, 2.375], "texture": "#0"},
				"east": {"uv": [0, 2.125, 0.875, 2.375], "texture": "#0"},
				"south": {"uv": [2.125, 2.125, 2.5, 2.375], "texture": "#0"},
				"west": {"uv": [1.25, 2.125, 2.125, 2.375], "texture": "#0"},
				"up": {"uv": [1.25, 2.125, 0.875, 1.25], "texture": "#0"},
				"down": {"uv": [1.625, 1.25, 1.25, 2.125], "texture": "#0"}
			}
		},
		{
			"from": [4.25992, 4.04388, 8.15655],
			"to": [7.25992, 6.04388, 15.15655],
			"rotation": {"angle": 0, "axis": "y", "origin": [2.25992, 13.04388, 2.15655]},
			"faces": {
				"north": {"uv": [0.875, 0.875, 1.25, 1.125], "texture": "#0"},
				"east": {"uv": [0, 0.875, 0.875, 1.125], "texture": "#0"},
				"south": {"uv": [2.125, 0.875, 2.5, 1.125], "texture": "#0"},
				"west": {"uv": [1.25, 0.875, 2.125, 1.125], "texture": "#0"},
				"up": {"uv": [1.25, 0.875, 0.875, 0], "texture": "#0"},
				"down": {"uv": [1.625, 0, 1.25, 0.875], "texture": "#0"}
			}
		},
		{
			"from": [4.76783, 4.05388, 13.66969],
			"to": [7.74783, 6.03388, 17.64969],
			"rotation": {"angle": 22.5, "axis": "y", "origin": [6.75783, 5.04388, 16.15969]},
			"faces": {
				"north": {"uv": [7.875, 1.625, 8.25, 1.875], "texture": "#0"},
				"east": {"uv": [7.375, 1.625, 7.875, 1.875], "texture": "#0"},
				"south": {"uv": [8.75, 1.625, 9.125, 1.875], "texture": "#0"},
				"west": {"uv": [8.25, 1.625, 8.75, 1.875], "texture": "#0"},
				"up": {"uv": [8.25, 1.625, 7.875, 1.125], "texture": "#0"},
				"down": {"uv": [8.625, 1.125, 8.25, 1.625], "texture": "#0"}
			}
		},
		{
			"from": [3.7526, 4.04388, 17.66073],
			"to": [9.7526, 10.04388, 19.66073],
			"rotation": {"angle": 22.5, "axis": "y", "origin": [7.2526, 5.04388, 18.66073]},
			"faces": {
				"north": {"uv": [4.875, 1.375, 5.625, 2.125], "texture": "#0"},
				"east": {"uv": [4.625, 1.375, 4.875, 2.125], "texture": "#0"},
				"south": {"uv": [5.875, 1.375, 6.625, 2.125], "texture": "#0"},
				"west": {"uv": [5.625, 1.375, 5.875, 2.125], "texture": "#0"},
				"up": {"uv": [5.625, 1.375, 4.875, 1.125], "texture": "#0"},
				"down": {"uv": [6.375, 1.125, 5.625, 1.375], "texture": "#0"}
			}
		},
		{
			"from": [6.7326, 4.02388, 19.64073],
			"to": [9.7726, 6.06388, 23.68073],
			"rotation": {"angle": 22.5, "axis": "y", "origin": [7.2526, 5.04388, 18.66073]},
			"faces": {
				"north": {"uv": [0.5, 7.875, 0.875, 8.125], "texture": "#0"},
				"east": {"uv": [0, 7.875, 0.5, 8.125], "texture": "#0"},
				"south": {"uv": [1.375, 7.875, 1.75, 8.125], "texture": "#0"},
				"west": {"uv": [0.875, 7.875, 1.375, 8.125], "texture": "#0"},
				"up": {"uv": [0.875, 7.875, 0.5, 7.375], "texture": "#0"},
				"down": {"uv": [1.25, 7.375, 0.875, 7.875], "texture": "#0"}
			}
		},
		{
			"from": [10.23654, 4.05388, 20.99838],
			"to": [13.23654, 6.05388, 25.99838],
			"rotation": {"angle": 45, "axis": "y", "origin": [11.76154, 5.05388, 24.49838]},
			"faces": {
				"north": {"uv": [0.625, 6, 1, 6.25], "texture": "#0"},
				"east": {"uv": [0, 6, 0.625, 6.25], "texture": "#0"},
				"south": {"uv": [1.625, 6, 2, 6.25], "texture": "#0"},
				"west": {"uv": [1, 6, 1.625, 6.25], "texture": "#0"},
				"up": {"uv": [1, 6, 0.625, 5.375], "texture": "#0"},
				"down": {"uv": [1.375, 5.375, 1, 6], "texture": "#0"}
			}
		},
		{
			"from": [12.46978, 4.05388, 24.88487],
			"to": [14.46978, 10.05388, 30.88487],
			"rotation": {"angle": -45, "axis": "y", "origin": [14.81978, 5.05388, 26.88487]},
			"faces": {
				"north": {"uv": [2.625, 1.25, 2.875, 2], "texture": "#0"},
				"east": {"uv": [1.875, 1.25, 2.625, 2], "texture": "#0"},
				"south": {"uv": [3.625, 1.25, 3.875, 2], "texture": "#0"},
				"west": {"uv": [2.875, 1.25, 3.625, 2], "texture": "#0"},
				"up": {"uv": [2.875, 1.25, 2.625, 0.5], "texture": "#0"},
				"down": {"uv": [3.125, 0.5, 2.875, 1.25], "texture": "#0"}
			}
		},
		{
			"from": [6.7326, 8.02388, 19.64073],
			"to": [9.7726, 10.06388, 23.68073],
			"rotation": {"angle": 22.5, "axis": "y", "origin": [7.2526, 9.04388, 18.66073]},
			"faces": {
				"north": {"uv": [4, 7.75, 4.375, 8], "texture": "#0"},
				"east": {"uv": [3.5, 7.75, 4, 8], "texture": "#0"},
				"south": {"uv": [4.875, 7.75, 5.25, 8], "texture": "#0"},
				"west": {"uv": [4.375, 7.75, 4.875, 8], "texture": "#0"},
				"up": {"uv": [4.375, 7.75, 4, 7.25], "texture": "#0"},
				"down": {"uv": [4.75, 7.25, 4.375, 7.75], "texture": "#0"}
			}
		},
		{
			"from": [2.58383, 7.54388, 19.81125],
			"to": [3.58383, 8.54388, 20.81125],
			"rotation": {"angle": -22.5, "axis": "y", "origin": [2.83383, 8.04388, 20.38625]},
			"faces": {
				"north": {"uv": [0.125, 1.75, 0.25, 1.875], "texture": "#0"},
				"east": {"uv": [0, 1.75, 0.125, 1.875], "texture": "#0"},
				"south": {"uv": [0.375, 1.75, 0.5, 1.875], "texture": "#0"},
				"west": {"uv": [0.25, 1.75, 0.375, 1.875], "texture": "#0"},
				"up": {"uv": [0.25, 1.75, 0.125, 1.625], "texture": "#0"},
				"down": {"uv": [0.375, 1.625, 0.25, 1.75], "texture": "#0"}
			}
		},
		{
			"from": [9.88716, 7.54388, 28.89744],
			"to": [10.88716, 8.54388, 29.89744],
			"rotation": {"angle": 0, "axis": "y", "origin": [10.36216, 8.04388, 29.32244]},
			"faces": {
				"north": {"uv": [0.125, 1.375, 0.25, 1.5], "texture": "#0"},
				"east": {"uv": [0, 1.375, 0.125, 1.5], "texture": "#0"},
				"south": {"uv": [0.375, 1.375, 0.5, 1.5], "texture": "#0"},
				"west": {"uv": [0.25, 1.375, 0.375, 1.5], "texture": "#0"},
				"up": {"uv": [0.25, 1.375, 0.125, 1.25], "texture": "#0"},
				"down": {"uv": [0.375, 1.25, 0.25, 1.375], "texture": "#0"}
			}
		},
		{
			"from": [4.25992, 8.04388, 1.16845],
			"to": [7.25992, 10.04388, 4.16845],
			"rotation": {"angle": 0, "axis": "y", "origin": [2.25992, 17.04388, 14.16845]},
			"faces": {
				"north": {"uv": [4.125, 9.125, 4.5, 9.375], "texture": "#0"},
				"east": {"uv": [3.75, 9.125, 4.125, 9.375], "texture": "#0"},
				"south": {"uv": [4.875, 9.125, 5.25, 9.375], "texture": "#0"},
				"west": {"uv": [4.5, 9.125, 4.875, 9.375], "texture": "#0"},
				"up": {"uv": [4.5, 9.125, 4.125, 8.75], "texture": "#0"},
				"down": {"uv": [4.875, 8.75, 4.5, 9.125], "texture": "#0"}
			}
		},
		{
			"from": [4.76783, 8.05388, -1.32469],
			"to": [7.74783, 10.03388, 2.65531],
			"rotation": {"angle": -22.5, "axis": "y", "origin": [6.75783, 9.04388, 0.16531]},
			"faces": {
				"north": {"uv": [7.5, 6.75, 7.875, 7], "texture": "#0"},
				"east": {"uv": [7, 6.75, 7.5, 7], "texture": "#0"},
				"south": {"uv": [8.375, 6.75, 8.75, 7], "texture": "#0"},
				"west": {"uv": [7.875, 6.75, 8.375, 7], "texture": "#0"},
				"up": {"uv": [7.875, 6.75, 7.5, 6.25], "texture": "#0"},
				"down": {"uv": [8.25, 6.25, 7.875, 6.75], "texture": "#0"}
			}
		},
		{
			"from": [2.58383, 7.54388, -4.48625],
			"to": [3.58383, 8.54388, -3.48625],
			"rotation": {"angle": 22.5, "axis": "y", "origin": [2.83383, 8.04388, -4.06125]},
			"faces": {
				"north": {"uv": [0.125, 0.5, 0.25, 0.625], "texture": "#0"},
				"east": {"uv": [0, 0.5, 0.125, 0.625], "texture": "#0"},
				"south": {"uv": [0.375, 0.5, 0.5, 0.625], "texture": "#0"},
				"west": {"uv": [0.25, 0.5, 0.375, 0.625], "texture": "#0"},
				"up": {"uv": [0.25, 0.5, 0.125, 0.375], "texture": "#0"},
				"down": {"uv": [0.375, 0.375, 0.25, 0.5], "texture": "#0"}
			}
		},
		{
			"from": [6.7326, 8.02388, -7.35573],
			"to": [9.7726, 10.06388, -3.31573],
			"rotation": {"angle": -22.5, "axis": "y", "origin": [7.2526, 9.04388, -2.33573]},
			"faces": {
				"north": {"uv": [7.5, 5.875, 7.875, 6.125], "texture": "#0"},
				"east": {"uv": [7, 5.875, 7.5, 6.125], "texture": "#0"},
				"south": {"uv": [8.375, 5.875, 8.75, 6.125], "texture": "#0"},
				"west": {"uv": [7.875, 5.875, 8.375, 6.125], "texture": "#0"},
				"up": {"uv": [7.875, 5.875, 7.5, 5.375], "texture": "#0"},
				"down": {"uv": [8.25, 5.375, 7.875, 5.875], "texture": "#0"}
			}
		},
		{
			"from": [10.23654, 8.05388, -9.67338],
			"to": [13.23654, 10.05388, -4.67338],
			"rotation": {"angle": -45, "axis": "y", "origin": [11.76154, 9.05388, -8.17338]},
			"faces": {
				"north": {"uv": [0.625, 3.75, 1, 4], "texture": "#0"},
				"east": {"uv": [0, 3.75, 0.625, 4], "texture": "#0"},
				"south": {"uv": [1.625, 3.75, 2, 4], "texture": "#0"},
				"west": {"uv": [1, 3.75, 1.625, 4], "texture": "#0"},
				"up": {"uv": [1, 3.75, 0.625, 3.125], "texture": "#0"},
				"down": {"uv": [1.375, 3.125, 1, 3.75], "texture": "#0"}
			}
		},
		{
			"from": [9.88716, 7.54388, -13.57244],
			"to": [10.88716, 8.54388, -12.57244],
			"rotation": {"angle": 0, "axis": "y", "origin": [10.36216, 8.04388, -12.99744]},
			"faces": {
				"north": {"uv": [0.125, 0.125, 0.25, 0.25], "texture": "#0"},
				"east": {"uv": [0, 0.125, 0.125, 0.25], "texture": "#0"},
				"south": {"uv": [0.375, 0.125, 0.5, 0.25], "texture": "#0"},
				"west": {"uv": [0.25, 0.125, 0.375, 0.25], "texture": "#0"},
				"up": {"uv": [0.25, 0.125, 0.125, 0], "texture": "#0"},
				"down": {"uv": [0.375, 0, 0.25, 0.125], "texture": "#0"}
			}
		},
		{
			"from": [4.76783, 8.05388, 13.66969],
			"to": [7.74783, 10.03388, 17.64969],
			"rotation": {"angle": 22.5, "axis": "y", "origin": [6.75783, 9.04388, 16.15969]},
			"faces": {
				"north": {"uv": [4, 6.875, 4.375, 7.125], "texture": "#0"},
				"east": {"uv": [3.5, 6.875, 4, 7.125], "texture": "#0"},
				"south": {"uv": [4.875, 6.875, 5.25, 7.125], "texture": "#0"},
				"west": {"uv": [4.375, 6.875, 4.875, 7.125], "texture": "#0"},
				"up": {"uv": [4.375, 6.875, 4, 6.375], "texture": "#0"},
				"down": {"uv": [4.75, 6.375, 4.375, 6.875], "texture": "#0"}
			}
		},
		{
			"from": [4.25992, 8.04388, 12.15655],
			"to": [7.25992, 10.04388, 15.15655],
			"rotation": {"angle": 0, "axis": "y", "origin": [2.25992, 17.04388, 2.15655]},
			"faces": {
				"north": {"uv": [5.375, 8.125, 5.75, 8.375], "texture": "#0"},
				"east": {"uv": [5, 8.125, 5.375, 8.375], "texture": "#0"},
				"south": {"uv": [6.125, 8.125, 6.5, 8.375], "texture": "#0"},
				"west": {"uv": [5.75, 8.125, 6.125, 8.375], "texture": "#0"},
				"up": {"uv": [5.75, 8.125, 5.375, 7.75], "texture": "#0"},
				"down": {"uv": [6.125, 7.75, 5.75, 8.125], "texture": "#0"}
			}
		},
		{
			"from": [5.25992, 7.54388, 6.15655],
			"to": [7.25992, 9.54388, 10.15655],
			"rotation": {"angle": 0, "axis": "y", "origin": [2.25992, 16.04388, 2.15655]},
			"faces": {
				"north": {"uv": [9.25, 2, 9.5, 2.25], "texture": "#0"},
				"east": {"uv": [8.75, 2, 9.25, 2.25], "texture": "#0"},
				"south": {"uv": [10, 2, 10.25, 2.25], "texture": "#0"},
				"west": {"uv": [9.5, 2, 10, 2.25], "texture": "#0"},
				"up": {"uv": [9.5, 2, 9.25, 1.5], "texture": "#0"},
				"down": {"uv": [9.75, 1.5, 9.5, 2], "texture": "#0"}
			}
		},
		{
			"from": [-9, 6.04388, 5],
			"to": [32, 7.04388, 11],
			"rotation": {"angle": 0, "axis": "y", "origin": [2, 16.04388, 2]},
			"faces": {
				"north": {"uv": [0.75, 5.125, 5.875, 5.25], "texture": "#0"},
				"east": {"uv": [0, 5.125, 0.75, 5.25], "texture": "#0"},
				"south": {"uv": [6.625, 5.125, 11.75, 5.25], "texture": "#0"},
				"west": {"uv": [5.875, 5.125, 6.625, 5.25], "texture": "#0"},
				"up": {"uv": [5.875, 5.125, 0.75, 4.375], "texture": "#0"},
				"down": {"uv": [11, 4.375, 5.875, 5.125], "texture": "#0"}
			}
		},
		{
			"from": [26.5, 4.04388, 7],
			"to": [28.5, 9.04388, 9],
			"rotation": {"angle": 0, "axis": "y", "origin": [2, 16.04388, 2]},
			"faces": {
				"north": {"uv": [2.125, 7.375, 2.375, 8], "texture": "#0"},
				"east": {"uv": [1.875, 7.375, 2.125, 8], "texture": "#0"},
				"south": {"uv": [2.625, 7.375, 2.875, 8], "texture": "#0"},
				"west": {"uv": [2.375, 7.375, 2.625, 8], "texture": "#0"},
				"up": {"uv": [2.375, 7.375, 2.125, 7.125], "texture": "#0"},
				"down": {"uv": [2.625, 7.125, 2.375, 7.375], "texture": "#0"}
			}
		},
		{
			"from": [2.25992, 7.29388, 10.15655],
			"to": [7.25992, 10.29388, 12.15655],
			"rotation": {"angle": 0, "axis": "y", "origin": [6.75992, 9.04388, 7.65655]},
			"faces": {
				"north": {"uv": [2.125, 8.875, 2.75, 9.25], "texture": "#0"},
				"east": {"uv": [1.875, 8.875, 2.125, 9.25], "texture": "#0"},
				"south": {"uv": [3, 8.875, 3.625, 9.25], "texture": "#0"},
				"west": {"uv": [2.75, 8.875, 3, 9.25], "texture": "#0"},
				"up": {"uv": [2.75, 8.875, 2.125, 8.625], "texture": "#0"},
				"down": {"uv": [3.375, 8.625, 2.75, 8.875], "texture": "#0"}
			}
		},
		{
			"from": [2.25992, 7.32673, 4.15655],
			"to": [7.25992, 10.32673, 6.15655],
			"rotation": {"angle": 0, "axis": "y", "origin": [6.75992, 9.07673, 8.65655]},
			"faces": {
				"north": {"uv": [7.25, 8.125, 7.875, 8.5], "texture": "#0"},
				"east": {"uv": [7, 8.125, 7.25, 8.5], "texture": "#0"},
				"south": {"uv": [8.125, 8.125, 8.75, 8.5], "texture": "#0"},
				"west": {"uv": [7.875, 8.125, 8.125, 8.5], "texture": "#0"},
				"up": {"uv": [7.875, 8.125, 7.25, 7.875], "texture": "#0"},
				"down": {"uv": [8.5, 7.875, 7.875, 8.125], "texture": "#0"}
			}
		},
		{
			"from": [2.25992, 7.32673, 6.15655],
			"to": [4.25992, 10.32673, 10.15655],
			"rotation": {"angle": 0, "axis": "y", "origin": [6.75992, 9.07673, 8.65655]},
			"faces": {
				"north": {"uv": [5.375, 7.25, 5.625, 7.625], "texture": "#0"},
				"east": {"uv": [4.875, 7.25, 5.375, 7.625], "texture": "#0"},
				"south": {"uv": [6.125, 7.25, 6.375, 7.625], "texture": "#0"},
				"west": {"uv": [5.625, 7.25, 6.125, 7.625], "texture": "#0"},
				"up": {"uv": [5.625, 7.25, 5.375, 6.75], "texture": "#0"},
				"down": {"uv": [5.875, 6.75, 5.625, 7.25], "texture": "#0"}
			}
		},
		{
			"name": "string_one",
			"from": [19.2229, 7.11888, -10.34266],
			"to": [20.2229, 7.11888, 14.65734],
			"rotation": {"angle": 45, "axis": "y", "origin": [16.7229, 7.11888, -0.84266]},
			"faces": {
				"north": {"uv": [6.625, 8.625, 6.75, 8.625], "texture": "#0"},
				"east": {"uv": [3.5, 8.625, 6.625, 8.625], "texture": "#0"},
				"south": {"uv": [9.875, 8.625, 10, 8.625], "texture": "#0"},
				"west": {"uv": [6.75, 8.625, 9.875, 8.625], "texture": "#0"},
				"up": {"uv": [6.75, 8.625, 6.625, 5.5], "texture": "#0"},
				"down": {"uv": [6.875, 5.5, 6.75, 8.625], "texture": "#0"}
			}
		},
		{
			"name": "string_one",
			"from": [19.2229, 7.11888, 1.34266],
			"to": [20.2229, 7.11888, 26.34266],
			"rotation": {"angle": -45, "axis": "y", "origin": [16.7229, 7.11888, 16.84266]},
			"faces": {
				"north": {"uv": [3.125, 8.5, 3.25, 8.5], "texture": "#0"},
				"east": {"uv": [0, 8.5, 3.125, 8.5], "texture": "#0"},
				"south": {"uv": [6.375, 8.5, 6.5, 8.5], "texture": "#0"},
				"west": {"uv": [3.25, 8.5, 6.375, 8.5], "texture": "#0"},
				"up": {"uv": [3.25, 8.5, 3.125, 5.375], "texture": "#0"},
				"down": {"uv": [3.375, 5.375, 3.25, 8.5], "texture": "#0"}
			}
		},
		{
			"name": "fire_work",
			"from": [-11.5, 7.25, 6.5],
			"to": [27.5, 7.25, 9.5],
			"rotation": {"angle": 0, "axis": "y", "origin": [-0.075, 0, 0.5]},
			"faces": {
				"north": {"uv": [5, 0.375, 9.875, 0.375], "texture": "#0"},
				"east": {"uv": [4.625, 0.375, 5, 0.375], "texture": "#0"},
				"south": {"uv": [10.25, 0.375, 15.125, 0.375], "texture": "#0"},
				"west": {"uv": [9.875, 0.375, 10.25, 0.375], "texture": "#0"},
				"up": {"uv": [9.875, 0.375, 5, 0], "texture": "#0"},
				"down": {"uv": [14.75, 0, 9.875, 0.375], "texture": "#0"}
			}
		}
	],
	"gui_light": "front",
	"display": {
		"thirdperson_righthand": {
			"rotation": [0, -90, 0],
			"translation": [0.5, 1, 0.5],
			"scale": [0.55, 0.55, 0.55]
		},
		"thirdperson_lefthand": {
			"rotation": [0, 90, 0],
			"translation": [0.5, 1, 0.5],
			"scale": [0.55, 0.55, 0.55]
		},
		"firstperson_righthand": {
			"rotation": [0, -95, 0],
			"translation": [9.13, 0.45, -3.62],
			"scale": [0.68, 0.68, 0.68]
		},
		"firstperson_lefthand": {
			"rotation": [0, 95, 0],
			"translation": [9.13, 0.45, -3.62],
			"scale": [0.68, 0.68, 0.68]
		},
		"ground": {
			"rotation": [0, 0, -45],
			"translation": [0, 9.75, 0],
			"scale": [0.51, 0.51, 0.51]
		},
		"gui": {
			"rotation": [90, -135, 0],
			"translation": [1, 0.75, -2.5],
			"scale": [0.39, 0.39, 0.39]
		},
		"head": {
			"rotation": [-90, 45, -180],
			"translation": [0.25, -19.25, 5.5],
			"scale": [0.81, 0.81, 0.81]
		},
		"fixed": {
			"rotation": [-90, 45, 0],
			"translation": [-1.5, 1.5, -2.5],
			"scale": [0.7, 0.7, 0.7]
		}
	},
	"groups": [
		{
			"name": "group",
			"origin": [8, 8, 8],
			"color": 0,
			"children": [
				{
					"name": "main frame",
					"origin": [7.51, -8.34183, 9.50162],
					"color": 0,
					"children": [
						0,
						1,
						2,
						3,
						4,
						5,
						6,
						7,
						8,
						9,
						10,
						11,
						12,
						13,
						14,
						15,
						16,
						17,
						18,
						19,
						20,
						21,
						22,
						23,
						24,
						25,
						26,
						{
							"name": "moon",
							"origin": [-0.5, 2, 0],
							"color": 0,
							"children": [
								27,
								28,
								29,
								{
									"name": "string_3",
									"origin": [7.475, -0.68611, 14.46298],
									"color": 0,
									"children": [30, 31]
								}
							]
						}
					]
				},
				{
					"name": "arrow",
					"origin": [7.475, 8.25, 12.5],
					"color": 0,
					"children": [32]
				}
			]
		}
	]
}