{
	"credit": "Made with Blockbench",
	"texture_size": [64, 64],
	"textures": {
		"2": "custom/cosmetics/owlsdev/baby_yoda_carrier",
		"3": "custom/cosmetics/owlsdev/baby_yoda_blink",
		"particle": "custom/cosmetics/owlsdev/baby_yoda_blink"
	},
	"elements": [
		{
			"from": [3.5, 12, 5],
			"to": [12.5, 17, 11],
			"rotation": {"angle": 0, "axis": "y", "origin": [0, 4, 0]},
			"faces": {
				"north": {"uv": [2.25, 1.5, 4.5, 2.75], "texture": "#2"},
				"east": {"uv": [2.25, 0, 3.75, 1.25], "texture": "#2"},
				"south": {"uv": [0, 0, 9, 5], "texture": "#3"},
				"west": {"uv": [3.75, 0, 2.25, 1.25], "texture": "#2"},
				"up": {"uv": [0, 1.25, 2.25, 2.75], "texture": "#2"}
			}
		},
		{
			"from": [3.5, 16, 9],
			"to": [-1.5, 13, 8],
			"rotation": {"angle": 0, "axis": "y", "origin": [0, 4, 0]},
			"faces": {
				"south": {"uv": [5, 0, 3.75, 0.75], "rotation": 180, "texture": "#2"},
				"down": {"uv": [5, 0, 3.75, 0.25], "texture": "#2"}
			}
		},
		{
			"from": [17.5, 16, 9],
			"to": [12.5, 13, 8],
			"rotation": {"angle": 0, "axis": "y", "origin": [0, 4, 0]},
			"faces": {
				"south": {"uv": [3.75, 0, 5, 0.75], "rotation": 180, "texture": "#2"},
				"down": {"uv": [5, 0, 3.75, 0.25], "texture": "#2"}
			}
		},
		{
			"from": [-1.5, 13, 8],
			"to": [3.5, 16, 9],
			"rotation": {"angle": 0, "axis": "y", "origin": [0, 4, 0]},
			"faces": {
				"north": {"uv": [3.75, 0.75, 5, 1.5], "texture": "#2"},
				"up": {"uv": [5, 0, 3.75, 0.25], "texture": "#2"}
			}
		},
		{
			"from": [12.5, 13, 8],
			"to": [17.5, 16, 9],
			"rotation": {"angle": 0, "axis": "y", "origin": [0, 4, 0]},
			"faces": {
				"north": {"uv": [5, 0.75, 3.75, 1.5], "texture": "#2"},
				"up": {"uv": [5, 0, 3.75, 0.25], "texture": "#2"}
			}
		},
		{
			"from": [2, 3, 7],
			"to": [4, 11, 9],
			"rotation": {"angle": -22.5, "axis": "z", "origin": [2.5, 9, 6.5]},
			"faces": {
				"north": {"uv": [3.5, 6, 2.75, 8], "texture": "#2"},
				"east": {"uv": [5, 4.75, 4.25, 6.75], "texture": "#2"},
				"south": {"uv": [3.5, 6, 2.75, 8], "texture": "#2"},
				"west": {"uv": [4.25, 4.75, 5, 6.75], "texture": "#2"},
				"up": {"uv": [3.5, 6, 4.25, 6.75], "texture": "#2"},
				"down": {"uv": [3.5, 6.75, 4.25, 7.5], "texture": "#2"}
			}
		},
		{
			"from": [11, -1, 7],
			"to": [13, 7, 9],
			"rotation": {"angle": 22.5, "axis": "z", "origin": [2.5, 9, 6.5]},
			"faces": {
				"north": {"uv": [3.5, 6, 2.75, 8], "texture": "#2"},
				"east": {"uv": [5, 4.75, 4.25, 6.75], "texture": "#2"},
				"south": {"uv": [3.5, 6, 2.75, 8], "texture": "#2"},
				"west": {"uv": [4.25, 4.75, 5, 6.75], "texture": "#2"},
				"up": {"uv": [3.5, 6, 4.25, 6.75], "texture": "#2"},
				"down": {"uv": [3.5, 6.75, 4.25, 7.5], "texture": "#2"}
			}
		},
		{
			"from": [2.5, 9, 4],
			"to": [13.5, 12, 12],
			"rotation": {"angle": 0, "axis": "y", "origin": [0, 4, 0]},
			"faces": {
				"north": {"uv": [0, 2.75, 2.75, 3.5], "texture": "#2"},
				"east": {"uv": [2.75, 2.75, 4.75, 3.5], "texture": "#2"},
				"south": {"uv": [0, 2.75, 2.75, 3.5], "texture": "#2"},
				"west": {"uv": [2.75, 2.75, 4.75, 3.5], "texture": "#2"},
				"up": {"uv": [0, 3.5, 2.75, 5.5], "texture": "#2"},
				"down": {"uv": [0, 5.5, 2.75, 7.5], "texture": "#2"}
			}
		},
		{
			"from": [2.5, 0, 4],
			"to": [13.5, 4, 12],
			"rotation": {"angle": 0, "axis": "y", "origin": [0, 4, 0]},
			"faces": {
				"north": {"uv": [0, 2.75, 2.75, 3.5], "texture": "#2"},
				"east": {"uv": [2.75, 2.75, 4.75, 3.5], "texture": "#2"},
				"south": {"uv": [0, 2.75, 2.75, 3.5], "texture": "#2"},
				"west": {"uv": [2.75, 2.75, 4.75, 3.5], "texture": "#2"},
				"up": {"uv": [0, 3.5, 2.75, 5.5], "texture": "#2"},
				"down": {"uv": [0, 5.5, 2.75, 7.5], "texture": "#2"}
			}
		},
		{
			"from": [3.5, 4, 5],
			"to": [12.5, 9, 11],
			"rotation": {"angle": 0, "axis": "y", "origin": [0, 4, 0]},
			"faces": {
				"north": {"uv": [2.75, 3.5, 5, 4.75], "texture": "#2"},
				"east": {"uv": [2.75, 4.75, 4.25, 6], "texture": "#2"},
				"south": {"uv": [2.75, 3.5, 5, 4.75], "texture": "#2"},
				"west": {"uv": [2.75, 4.75, 4.25, 6], "texture": "#2"}
			}
		}
	],
	"display": {
		"thirdperson_righthand": {
			"rotation": [25, 140, 0],
			"translation": [0, 1.75, 0],
			"scale": [0.5, 0.5, 0.5]
		},
		"thirdperson_lefthand": {
			"rotation": [25, 140, 0],
			"translation": [0, 1.75, 0],
			"scale": [0.5, 0.5, 0.5]
		},
		"firstperson_righthand": {
			"rotation": [0, -25, 0],
			"scale": [0.5, 0.5, 0.5]
		},
		"firstperson_lefthand": {
			"rotation": [0, -25, 0],
			"scale": [0.5, 0.5, 0.5]
		},
		"ground": {
			"translation": [0, 0.5, 0],
			"scale": [0.5, 0.5, 0.5]
		},
		"gui": {
			"rotation": [-8, 13, 0],
			"translation": [-0.25, 0, 0],
			"scale": [0.62, 0.62, 0.62]
		},
		"head": {
			"rotation": [8, -180, 0],
			"translation": [0, 10, 0.25],
			"scale": [0.5, 0.5, 0.5]
		},
		"fixed": {
			"rotation": [0, -180, 0]
		}
	},
	"groups": [
		{
			"name": "babyyoda",
			"origin": [0, 0, 0],
			"color": 0,
			"children": [
				{
					"name": "group",
					"origin": [0, 0, 0],
					"color": 0,
					"children": [0, 1, 2, 3, 4]
				},
				{
					"name": "group",
					"origin": [0, 0, 0],
					"color": 0,
					"children": [
						{
							"name": "left",
							"origin": [2.5, 9, 6.5],
							"color": 0,
							"children": [5]
						},
						{
							"name": "right",
							"origin": [8, 8, 8],
							"color": 0,
							"children": [6]
						}
					]
				},
				7,
				8,
				9
			]
		},
		{
			"name": "group",
			"origin": [0, 0, 0],
			"color": 0,
			"children": []
		}
	]
}