{
	"credit": "Made with Blockbench",
	"textures": {
		"1": "custom/skins/owlsdev/totems/death_note"
	},
	"elements": [
		{
			"from": [5, 4, 8],
			"to": [12, 13, 8.2],
			"faces": {
				"north": {"uv": [10.3125, 5.5625, 16, 11.3125], "rotation": 270, "texture": "#1"},
				"east": {"uv": [10.5625, 7.1875, 16, 7.45], "rotation": 270, "texture": "#1"},
				"south": {"uv": [10.4375, 5.625, 16, 10.5], "rotation": 270, "texture": "#1"},
				"west": {"uv": [0, 0, 9, 0.2], "rotation": 90, "texture": "#missing"},
				"up": {"uv": [10.6875, 7.875, 16, 8.075], "rotation": 180, "texture": "#1"},
				"down": {"uv": [11.375, 9, 16, 9.075], "texture": "#1"}
			}
		},
		{
			"from": [5, 4, 8.5],
			"to": [12, 13, 8.7],
			"faces": {
				"north": {"uv": [10.5625, 1.875, 14.5, 2.6875], "rotation": 270, "texture": "#1"},
				"east": {"uv": [10.375, 5.25, 16, 5.825], "rotation": 270, "texture": "#1"},
				"south": {"uv": [10.3125, 0, 16, 5.6875], "rotation": 270, "texture": "#1"},
				"west": {"uv": [0, 0, 9, 0.2], "rotation": 90, "texture": "#missing"},
				"up": {"uv": [10.375, 5.25, 15.9375, 5.6375], "rotation": 180, "texture": "#1"},
				"down": {"uv": [11.5625, 6.6875, 16, 7.325], "texture": "#1"}
			}
		},
		{
			"from": [5.5, 3, 8.4],
			"to": [6.5, 4, 8.4],
			"faces": {
				"north": {"uv": [15, 5.4375, 16, 5.9375], "rotation": 270, "texture": "#1"},
				"east": {"uv": [0, 0, 1, 0], "rotation": 270, "texture": "#missing"},
				"south": {"uv": [15, 5.4375, 16, 5.875], "rotation": 270, "texture": "#1"},
				"west": {"uv": [0, 0, 1, 0], "rotation": 90, "texture": "#missing"},
				"up": {"uv": [0, 0, 1, 0], "rotation": 180, "texture": "#missing"},
				"down": {"uv": [0, 0, 1, 0], "texture": "#missing"}
			}
		},
		{
			"from": [4.8, 4, 8],
			"to": [5, 13, 8.7],
			"faces": {
				"north": {"uv": [10.375, 6.0625, 16, 6.2625], "rotation": 270, "texture": "#1"},
				"east": {"uv": [10.5, 6.9375, 16, 7.6375], "rotation": 270, "texture": "#1"},
				"south": {"uv": [10.375, 6.0625, 16, 6.2625], "rotation": 90, "texture": "#1"},
				"west": {"uv": [10.375, 5.375, 16, 6.075], "rotation": 270, "texture": "#1"},
				"up": {"uv": [13, 5, 13.7, 5.2], "rotation": 90, "texture": "#1"},
				"down": {"uv": [14.25, 6.625, 14.95, 6.825], "rotation": 90, "texture": "#1"}
			}
		},
		{
			"from": [5, 4, 8.2],
			"to": [11.7, 13, 8.5],
			"faces": {
				"north": {"uv": [9.5625, 0, 10.25, 6.7], "rotation": 270, "texture": "#1"},
				"east": {"uv": [9.625, 0, 10.25, 11.3], "rotation": 270, "texture": "#1"},
				"south": {"uv": [9.625, 0, 10.25, 6.7], "rotation": 270, "texture": "#1"},
				"west": {"uv": [0, 0, 9, 0.3], "rotation": 90, "texture": "#missing"},
				"up": {"uv": [10.3625, 11.4375, 16, 12.1125], "rotation": 180, "texture": "#1"},
				"down": {"uv": [10.425, 11.5, 16, 11.925], "texture": "#1"}
			}
		}
	],
	"display": {
		"thirdperson_righthand": {
			"rotation": [6, 0, 0],
			"translation": [-0.5, 1, 0]
		},
		"thirdperson_lefthand": {
			"rotation": [9, 0, 0],
			"translation": [0.75, 1.25, 0]
		},
		"firstperson_righthand": {
			"rotation": [-10, -25, 0]
		},
		"firstperson_lefthand": {
			"rotation": [-10, -25, 0]
		},
		"ground": {
			"rotation": [-90, 0, 0],
			"translation": [0, -2.25, 0]
		},
		"gui": {
			"rotation": [-42, -27, -16],
			"translation": [-0.5, -0.5, 0],
			"scale": [1.5, 1.5, 1.5]
		},
		"head": {
			"rotation": [-91, 0, 0],
			"translation": [0, 6.5, 0]
		},
		"fixed": {
			"rotation": [0, -180, 0],
			"translation": [0, 0, -0.25],
			"scale": [1.5, 1.5, 1.5]
		}
	},
	"groups": [
		{
			"name": "group",
			"origin": [0, 0, 0],
			"color": 0,
			"children": [0, 1, 2, 3, 4]
		}
	]
}