{
	"texture_size": [64, 64],
	"textures": {
		"2": "custom/skins/owlsdev/anim_pulse_gem",
		"5": "custom/skins/owlsdev/pulse_sword"
	},
	"elements": [
		{
			"from": [1, 4.25, 7.5],
			"to": [3, 6.25, 8.5],
			"rotation": {"angle": 22.5, "axis": "z", "origin": [3, 6.25, 8]},
			"faces": {
				"north": {"uv": [1.75, 5.5, 2.25, 6], "texture": "#5"},
				"east": {"uv": [3.75, 6.25, 4, 6.75], "texture": "#5"},
				"south": {"uv": [5.75, 3.75, 6.25, 4.25], "texture": "#5"},
				"west": {"uv": [6.25, 3.75, 6.5, 4.25], "texture": "#5"},
				"up": {"uv": [5.75, 5.25, 5.25, 5], "texture": "#5"},
				"down": {"uv": [5.5, 6.25, 5, 6.5], "texture": "#5"}
			}
		},
		{
			"from": [3, 4.17, 7],
			"to": [6, 7.17, 9],
			"rotation": {"angle": 0, "axis": "y", "origin": [10, 0.65, 8]},
			"faces": {
				"north": {"uv": [3.75, 0, 4.5, 0.75], "texture": "#5"},
				"east": {"uv": [5.25, 3.75, 5.75, 4.5], "texture": "#5"},
				"south": {"uv": [3.75, 0.75, 4.5, 1.5], "texture": "#5"},
				"west": {"uv": [4.5, 5.25, 5, 6], "texture": "#5"},
				"up": {"uv": [6, 5, 5.25, 4.5], "texture": "#5"},
				"down": {"uv": [5.75, 5.25, 5, 5.75], "texture": "#5"}
			}
		},
		{
			"from": [10, 4.17, 7],
			"to": [13, 7.17, 9],
			"rotation": {"angle": 0, "axis": "y", "origin": [6, 0.65, 8]},
			"faces": {
				"north": {"uv": [3.75, 1.5, 4.5, 2.25], "texture": "#5"},
				"east": {"uv": [0.75, 5.5, 1.25, 6.25], "texture": "#5"},
				"south": {"uv": [3.75, 2.25, 4.5, 3], "texture": "#5"},
				"west": {"uv": [1.25, 5.5, 1.75, 6.25], "texture": "#5"},
				"up": {"uv": [3.5, 6.25, 2.75, 5.75], "texture": "#5"},
				"down": {"uv": [4.25, 5.75, 3.5, 6.25], "texture": "#5"}
			}
		},
		{
			"from": [13, 4.25, 7.5],
			"to": [15, 6.25, 8.5],
			"rotation": {"angle": -22.5, "axis": "z", "origin": [13, 6.25, 8]},
			"faces": {
				"north": {"uv": [5, 5.75, 5.5, 6.25], "texture": "#5"},
				"east": {"uv": [4, 6.25, 4.25, 6.75], "texture": "#5"},
				"south": {"uv": [5.75, 5, 6.25, 5.5], "texture": "#5"},
				"west": {"uv": [6.25, 5, 6.5, 5.5], "texture": "#5"},
				"up": {"uv": [6, 6.5, 5.5, 6.25], "texture": "#5"},
				"down": {"uv": [6.5, 6.25, 6, 6.5], "texture": "#5"}
			}
		},
		{
			"from": [4.501, -9.2, 7],
			"to": [8.501, -8.2, 9],
			"rotation": {"angle": 45, "axis": "z", "origin": [8, -8.7, 8]},
			"faces": {
				"north": {"uv": [5.75, 4.25, 6.75, 4.5], "texture": "#5"},
				"east": {"uv": [6.25, 6, 6.75, 6.25], "texture": "#5"},
				"south": {"uv": [5.5, 5.75, 6.5, 6], "texture": "#5"},
				"west": {"uv": [0, 6.5, 0.5, 6.75], "texture": "#5"},
				"up": {"uv": [6.25, 2.75, 5.25, 2.25], "texture": "#5"},
				"down": {"uv": [6.25, 2.75, 5.25, 3.25], "texture": "#5"}
			}
		},
		{
			"from": [4.5, -9.2, 7],
			"to": [4.5, -8.2, 9],
			"rotation": {"angle": 45, "axis": "z", "origin": [8, -8.7, 8]},
			"faces": {
				"west": {"uv": [6.5, 0.25, 7, 0.5], "texture": "#5"}
			}
		},
		{
			"from": [4.501, -12.2, 7],
			"to": [8.501, -11.2, 9],
			"rotation": {"angle": 45, "axis": "z", "origin": [8, -8.7, 18]},
			"faces": {
				"north": {"uv": [5.75, 5.5, 6.75, 5.75], "texture": "#5"},
				"east": {"uv": [6.5, 0.5, 7, 0.75], "texture": "#5"},
				"south": {"uv": [6, 0, 7, 0.25], "texture": "#5"},
				"west": {"uv": [0.75, 6.5, 1.25, 6.75], "texture": "#5"},
				"up": {"uv": [6.25, 3.75, 5.25, 3.25], "texture": "#5"},
				"down": {"uv": [4.5, 5.25, 3.5, 5.75], "texture": "#5"}
			}
		},
		{
			"from": [7.5, -11.2, 7],
			"to": [8.5, -9.2, 9],
			"rotation": {"angle": 45, "axis": "z", "origin": [8, -8.7, 18]},
			"faces": {
				"north": {"uv": [6.5, 0.75, 6.75, 1.25], "texture": "#5"},
				"east": {"uv": [0, 6, 0.5, 6.5], "texture": "#5"},
				"south": {"uv": [1.25, 6.5, 1.5, 7], "texture": "#5"},
				"west": {"uv": [6, 0.25, 6.5, 0.75], "texture": "#5"},
				"up": {"uv": [6.75, 1.75, 6.5, 1.25], "texture": "#5"},
				"down": {"uv": [2, 6.5, 1.75, 7], "texture": "#5"}
			}
		},
		{
			"from": [4.499, -11.2, 7],
			"to": [5.499, -9.2, 9],
			"rotation": {"angle": 45, "axis": "z", "origin": [8, -8.7, 18]},
			"faces": {
				"north": {"uv": [6.5, 1.75, 6.75, 2.25], "texture": "#5"},
				"east": {"uv": [6, 0.75, 6.5, 1.25], "texture": "#5"},
				"south": {"uv": [2, 6.5, 2.25, 7], "texture": "#5"},
				"west": {"uv": [6, 1.25, 6.5, 1.75], "texture": "#5"},
				"up": {"uv": [6.75, 2.75, 6.5, 2.25], "texture": "#5"},
				"down": {"uv": [6.75, 2.75, 6.5, 3.25], "texture": "#5"}
			}
		},
		{
			"name": "anim",
			"from": [7, -11.82132, 7],
			"to": [9, -9.82132, 9],
			"rotation": {"angle": -45, "axis": "z", "origin": [8, -10.82132, 8]},
			"faces": {
				"north": {"uv": [0.75, 1.375, 0.5, 1.125], "texture": "#2"},
				"east": {"uv": [0, 0, 0, 0], "texture": "#2"},
				"south": {"uv": [0.5, 1.375, 0.75, 1.125], "texture": "#2"},
				"west": {"uv": [0, 0, 0, 0], "texture": "#2"},
				"up": {"uv": [0, 0, 0, 0], "texture": "#2"},
				"down": {"uv": [0, 0, 0, 0], "texture": "#2"}
			}
		},
		{
			"name": "anim",
			"from": [7, 3.15, 6.5],
			"to": [9, 8.15, 9.5],
			"rotation": {"angle": 0, "axis": "y", "origin": [0, 17.15, 0]},
			"faces": {
				"north": {"uv": [1.5, 0.75, 1, 2], "texture": "#2"},
				"south": {"uv": [1, 0.75, 1.5, 2], "texture": "#2"}
			}
		},
		{
			"name": "anim",
			"from": [6.5, 5.13, 7.5],
			"to": [9.5, 25.13, 8.5],
			"rotation": {"angle": 0, "axis": "y", "origin": [3.5, 2.65, 8]},
			"faces": {
				"north": {"uv": [0, 0, 0.75, 5], "texture": "#2"},
				"south": {"uv": [0.75, 0, 0, 5], "texture": "#2"}
			}
		},
		{
			"name": "anim",
			"from": [5.98, 23.48, 7.48],
			"to": [9.02, 26.52, 8.52],
			"rotation": {"angle": 45, "axis": "z", "origin": [8, 25.5, 8]},
			"faces": {
				"north": {"uv": [1.75, 0.75, 2.5, 1.5], "texture": "#2"},
				"south": {"uv": [2.5, 0.75, 1.75, 1.5], "texture": "#2"}
			}
		},
		{
			"from": [9.5, 5.13, 7.5],
			"to": [10.5, 25.13, 8.5],
			"rotation": {"angle": 0, "axis": "y", "origin": [3.5, 2.65, 8]},
			"faces": {
				"north": {"uv": [2.75, 0, 3, 5], "texture": "#5"},
				"east": {"uv": [3, 0, 3.25, 5], "texture": "#5"},
				"south": {"uv": [3.25, 0, 3.5, 5], "texture": "#5"},
				"up": {"uv": [3.75, 5.25, 3.5, 5], "texture": "#5"},
				"down": {"uv": [6.75, 3.25, 6.5, 3.5], "texture": "#5"}
			}
		},
		{
			"from": [5.5, 5.13, 7.5],
			"to": [6.5, 25.13, 8.5],
			"rotation": {"angle": 0, "axis": "y", "origin": [3.5, 2.65, 8]},
			"faces": {
				"north": {"uv": [2.25, 3.25, 2.5, 8.25], "texture": "#5"},
				"south": {"uv": [2.5, 3.25, 2.75, 8.25], "texture": "#5"},
				"west": {"uv": [3.5, 0, 3.75, 5], "texture": "#5"},
				"up": {"uv": [6.75, 3.75, 6.5, 3.5], "texture": "#5"},
				"down": {"uv": [6.75, 3.75, 6.5, 4], "texture": "#5"}
			}
		},
		{
			"from": [5.95172, 23.50828, 7.48],
			"to": [6.99172, 26.54828, 8.52],
			"rotation": {"angle": -45, "axis": "z", "origin": [7.97172, 25.52828, 8]},
			"faces": {
				"north": {"uv": [4.25, 5.75, 4.5, 6.5], "texture": "#5"},
				"south": {"uv": [0.5, 6, 0.75, 6.75], "texture": "#5"},
				"west": {"uv": [4.5, 6, 4.75, 6.75], "texture": "#5"},
				"down": {"uv": [6.75, 4, 6.5, 4.25], "texture": "#5"}
			}
		},
		{
			"from": [7.00828, 26.50828, 7.48],
			"to": [10.04828, 27.54828, 8.52],
			"rotation": {"angle": -45, "axis": "z", "origin": [8.02828, 25.52828, 6]},
			"faces": {
				"north": {"uv": [6, 4.5, 6.75, 4.75], "texture": "#5"},
				"east": {"uv": [4.25, 6.5, 4.5, 6.75], "texture": "#5"},
				"south": {"uv": [6, 4.75, 6.75, 5], "texture": "#5"},
				"up": {"uv": [6.25, 6.25, 5.5, 6], "texture": "#5"},
				"down": {"uv": [1.5, 6.25, 0.75, 6.5], "texture": "#5"}
			}
		},
		{
			"from": [7.48, 27.15789, 7.48],
			"to": [8.52, 28.19789, 8.52],
			"rotation": {"angle": -45, "axis": "z", "origin": [8, 27.67789, 8]},
			"faces": {
				"north": {"uv": [5, 6.5, 5.25, 6.75], "rotation": 270, "texture": "#5"},
				"east": {"uv": [6.75, 5.5, 6.5, 5.25], "rotation": 90, "texture": "#5"},
				"south": {"uv": [6.5, 5, 6.75, 5.25], "rotation": 90, "texture": "#5"},
				"west": {"uv": [5.25, 6.5, 5.5, 6.75], "rotation": 90, "texture": "#5"},
				"up": {"uv": [5.25, 6.5, 5.5, 6.75], "rotation": 90, "texture": "#5"}
			}
		},
		{
			"from": [6.48, 2.61, 6.48],
			"to": [9.52, 5.65, 9.52],
			"rotation": {"angle": 45, "axis": "z", "origin": [8, 4.15, 8]},
			"faces": {
				"north": {"uv": [3.75, 3, 4.5, 3.75], "texture": "#5"},
				"east": {"uv": [3.75, 3.75, 4.5, 4.5], "texture": "#5"},
				"south": {"uv": [0, 4.5, 0.75, 5.25], "texture": "#5"},
				"west": {"uv": [4.5, 0, 5.25, 0.75], "texture": "#5"},
				"up": {"uv": [5.25, 1.5, 4.5, 0.75], "texture": "#5"},
				"down": {"uv": [5.25, 1.5, 4.5, 2.25], "texture": "#5"}
			}
		},
		{
			"from": [9, 4.15, 6.5],
			"to": [10, 7.15, 9.5],
			"rotation": {"angle": 0, "axis": "y", "origin": [2.5, 17.15, 0]},
			"faces": {
				"north": {"uv": [4.75, 6, 5, 6.75], "texture": "#5"},
				"east": {"uv": [4.5, 2.25, 5.25, 3], "texture": "#5"},
				"south": {"uv": [1.5, 6.25, 1.75, 7], "texture": "#5"},
				"up": {"uv": [6.5, 3, 6.25, 2.25], "texture": "#5"},
				"down": {"uv": [3, 6.25, 2.75, 7], "texture": "#5"}
			}
		},
		{
			"from": [6.48, 5.61, 6.48],
			"to": [9.52, 8.65, 9.52],
			"rotation": {"angle": -45, "axis": "z", "origin": [8, 7.15, 8]},
			"faces": {
				"north": {"uv": [4.5, 3, 5.25, 3.75], "texture": "#5"},
				"east": {"uv": [3.75, 4.5, 4.5, 5.25], "texture": "#5"},
				"south": {"uv": [4.5, 3.75, 5.25, 4.5], "texture": "#5"},
				"west": {"uv": [4.5, 4.5, 5.25, 5.25], "texture": "#5"},
				"up": {"uv": [3.5, 5.75, 2.75, 5], "texture": "#5"},
				"down": {"uv": [0.75, 5.25, 0, 6], "texture": "#5"}
			}
		},
		{
			"from": [6, 4.15, 6.5],
			"to": [7, 7.15, 9.5],
			"rotation": {"angle": 0, "axis": "y", "origin": [13.5, 17.15, 0]},
			"faces": {
				"north": {"uv": [3, 6.25, 3.25, 7], "texture": "#5"},
				"south": {"uv": [6.25, 3, 6.5, 3.75], "texture": "#5"},
				"west": {"uv": [5.25, 0, 6, 0.75], "texture": "#5"},
				"up": {"uv": [3.5, 7, 3.25, 6.25], "texture": "#5"},
				"down": {"uv": [3.75, 6.25, 3.5, 7], "texture": "#5"}
			}
		},
		{
			"from": [7.02, -9.98, 7.02],
			"to": [8.98, 2.98, 8.98],
			"rotation": {"angle": 0, "axis": "y", "origin": [0, 20, 0]},
			"faces": {
				"north": {"uv": [2.25, 0, 2.75, 3.25], "texture": "#5"},
				"east": {"uv": [0.75, 2.25, 1.25, 5.5], "texture": "#5"},
				"south": {"uv": [1.25, 2.25, 1.75, 5.5], "texture": "#5"},
				"west": {"uv": [1.75, 2.25, 2.25, 5.5], "texture": "#5"},
				"up": {"uv": [2.25, 6.5, 1.75, 6], "texture": "#5"},
				"down": {"uv": [6.5, 1.75, 6, 2.25], "texture": "#5"}
			}
		},
		{
			"from": [6.5, -7, 6.5],
			"to": [9.5, 2, 9.5],
			"rotation": {"angle": 0, "axis": "y", "origin": [8, -2.7, 8]},
			"faces": {
				"north": {"uv": [0, 0, 0.75, 2.25], "texture": "#5"},
				"east": {"uv": [0.75, 0, 1.5, 2.25], "texture": "#5"},
				"south": {"uv": [1.5, 0, 2.25, 2.25], "texture": "#5"},
				"west": {"uv": [0, 2.25, 0.75, 4.5], "texture": "#5"},
				"up": {"uv": [6, 1.5, 5.25, 0.75], "texture": "#5"},
				"down": {"uv": [6, 1.5, 5.25, 2.25], "texture": "#5"}
			}
		},
		{
			"from": [5.48, 4.98, 6.43],
			"to": [8.52, 8.02, 6.47],
			"rotation": {"angle": 0, "axis": "y", "origin": [7, 3.3, 7.95]},
			"faces": {
				"north": {"uv": [8, 1.5, 8.75, 2.25], "texture": "#2"}
			}
		},
		{
			"from": [8.48, 1.98, 6.43],
			"to": [11.52, 5.02, 6.47],
			"rotation": {"angle": 0, "axis": "y", "origin": [10, 0.3, 7.95]},
			"faces": {
				"north": {"uv": [8, 2.25, 8.75, 3], "texture": "#2"}
			}
		},
		{
			"from": [9.48, 6.98, 6.43],
			"to": [12.52, 10.02, 6.47],
			"rotation": {"angle": 0, "axis": "y", "origin": [11, 5.3, 7.95]},
			"faces": {
				"north": {"uv": [9.5, 0, 10.25, 0.75], "texture": "#2"}
			}
		},
		{
			"from": [5.48, 1.98, 6.43],
			"to": [8.52, 5.02, 6.47],
			"rotation": {"angle": 0, "axis": "y", "origin": [7, 0.3, 7.95]},
			"faces": {
				"north": {"uv": [9.5, 0.75, 10.25, 1.5], "texture": "#2"}
			}
		},
		{
			"from": [8.48, -2.02, 6.43],
			"to": [13.52, 3.02, 6.47],
			"rotation": {"angle": 0, "axis": "y", "origin": [11, -2.7, 7.95]},
			"faces": {
				"north": {"uv": [11, 1.25, 12.25, 2.5], "texture": "#2"}
			}
		},
		{
			"from": [4.48, -7.02, 6.43],
			"to": [9.52, -1.98, 6.47],
			"rotation": {"angle": 0, "axis": "y", "origin": [7, -7.7, 7.95]},
			"faces": {
				"north": {"uv": [11, 2.5, 12.25, 3.75], "texture": "#2"}
			}
		},
		{
			"from": [6.48, 21.98, 6.43],
			"to": [11.52, 27.02, 6.47],
			"rotation": {"angle": 0, "axis": "y", "origin": [9, 21.3, 7.95]},
			"faces": {
				"north": {"uv": [12.25, 2.5, 13.5, 3.75], "texture": "#2"}
			}
		},
		{
			"from": [4.48, 14.98, 6.43],
			"to": [9.52, 20.02, 6.47],
			"rotation": {"angle": 0, "axis": "y", "origin": [7, 14.3, 7.95]},
			"faces": {
				"north": {"uv": [12.25, 1.25, 13.5, 2.5], "texture": "#2"}
			}
		},
		{
			"from": [3.48, 19.98, 6.43],
			"to": [8.52, 25.02, 6.47],
			"rotation": {"angle": 0, "axis": "y", "origin": [6, 19.3, 7.95]},
			"faces": {
				"north": {"uv": [14.75, 2.5, 16, 3.75], "texture": "#2"}
			}
		},
		{
			"from": [8.48, 9.98, 6.43],
			"to": [13.52, 15.02, 6.47],
			"rotation": {"angle": 0, "axis": "y", "origin": [11, 9.3, 7.95]},
			"faces": {
				"north": {"uv": [14.75, 3.75, 16, 5], "texture": "#2"}
			}
		},
		{
			"from": [5.48, 4.98, 9.53],
			"to": [8.52, 8.02, 9.57],
			"rotation": {"angle": 0, "axis": "y", "origin": [7, 3.3, 8.05]},
			"faces": {
				"south": {"uv": [8.75, 1.5, 8, 2.25], "texture": "#2"}
			}
		},
		{
			"from": [8.48, 1.98, 9.53],
			"to": [11.52, 5.02, 9.57],
			"rotation": {"angle": 0, "axis": "y", "origin": [10, 0.3, 8.05]},
			"faces": {
				"south": {"uv": [8.75, 2.25, 8, 3], "texture": "#2"}
			}
		},
		{
			"from": [9.48, 6.98, 9.53],
			"to": [12.52, 10.02, 9.57],
			"rotation": {"angle": 0, "axis": "y", "origin": [11, 5.3, 8.05]},
			"faces": {
				"south": {"uv": [10.25, 0, 9.5, 0.75], "texture": "#2"}
			}
		},
		{
			"from": [5.48, 1.98, 9.53],
			"to": [8.52, 5.02, 9.57],
			"rotation": {"angle": 0, "axis": "y", "origin": [7, 0.3, 8.05]},
			"faces": {
				"south": {"uv": [10.25, 0.75, 9.5, 1.5], "texture": "#2"}
			}
		},
		{
			"from": [8.48, -2.02, 9.53],
			"to": [13.52, 3.02, 9.57],
			"rotation": {"angle": 0, "axis": "y", "origin": [11, -2.7, 8.05]},
			"faces": {
				"south": {"uv": [12.25, 1.25, 11, 2.5], "texture": "#2"}
			}
		},
		{
			"from": [4.48, -7.02, 9.53],
			"to": [9.52, -1.98, 9.57],
			"rotation": {"angle": 0, "axis": "y", "origin": [7, -7.7, 8.05]},
			"faces": {
				"south": {"uv": [12.25, 2.5, 11, 3.75], "texture": "#2"}
			}
		},
		{
			"from": [6.48, 21.98, 9.53],
			"to": [11.52, 27.02, 9.57],
			"rotation": {"angle": 0, "axis": "y", "origin": [9, 21.3, 8.05]},
			"faces": {
				"south": {"uv": [13.5, 2.5, 12.25, 3.75], "texture": "#2"}
			}
		},
		{
			"from": [4.48, 14.98, 9.53],
			"to": [9.52, 20.02, 9.57],
			"rotation": {"angle": 0, "axis": "y", "origin": [7, 14.3, 8.05]},
			"faces": {
				"south": {"uv": [13.5, 1.25, 12.25, 2.5], "texture": "#2"}
			}
		},
		{
			"from": [3.48, 19.98, 9.53],
			"to": [8.52, 25.02, 9.57],
			"rotation": {"angle": 0, "axis": "y", "origin": [6, 19.3, 8.05]},
			"faces": {
				"south": {"uv": [16, 2.5, 14.75, 3.75], "texture": "#2"}
			}
		},
		{
			"from": [8.48, 9.98, 9.53],
			"to": [13.52, 15.02, 9.57],
			"rotation": {"angle": 0, "axis": "y", "origin": [11, 9.3, 8.05]},
			"faces": {
				"south": {"uv": [16, 3.75, 14.75, 5], "texture": "#2"}
			}
		}
	],
	"gui_light": "front",
	"display": {
		"thirdperson_righthand": {
			"rotation": [-10, -90, 0],
			"translation": [0, 5.25, 0.25],
			"scale": [0.7, 0.7, 0.7]
		},
		"thirdperson_lefthand": {
			"rotation": [-10, 90, 0],
			"translation": [0, 5.25, 0.25],
			"scale": [0.7, 0.7, 0.7]
		},
		"firstperson_righthand": {
			"rotation": [20, -90, 0],
			"translation": [3.75, -0.5, -3],
			"scale": [0.6, 0.6, 0.6]
		},
		"firstperson_lefthand": {
			"rotation": [20, 90, 0],
			"translation": [3.75, -0.5, -3],
			"scale": [0.6, 0.6, 0.6]
		},
		"ground": {
			"rotation": [0, 0, -45],
			"translation": [2.5, 8.5, 0],
			"scale": [0.5, 0.5, 0.5]
		},
		"gui": {
			"rotation": [0, 0, -45],
			"translation": [0.25, 0.25, -0.75],
			"scale": [0.525, 0.525, 0.525]
		},
		"head": {
			"rotation": [0, 0, 45],
			"translation": [14, 3.5, 0.75],
			"scale": [0.6, 0.6, 0.6]
		},
		"fixed": {
			"rotation": [0, -180, -45],
			"translation": [-0.25, 0.25, -0.75],
			"scale": [0.65, 0.65, 0.65]
		}
	},
	"groups": [
		{
			"name": "pickaxe",
			"origin": [8, 8, 8],
			"color": 0,
			"children": [
				0,
				1,
				2,
				3,
				{
					"name": "pommel",
					"origin": [8, -10.85, 8],
					"color": 0,
					"children": [4, 5, 6, 7, 8, 9]
				},
				{
					"name": "anim",
					"origin": [0, 17.15, 0],
					"color": 0,
					"children": [10, 11, 12, 13, 14, 15, 16, 17]
				},
				{
					"name": "g",
					"origin": [13.5, 23, 0],
					"color": 0,
					"children": [18, 19, 20, 21]
				},
				22,
				23,
				{
					"name": "glisters",
					"origin": [8, -2.7, 7],
					"color": 0,
					"children": [
						{
							"name": "s1",
							"origin": [7, 0.3, 7.95],
							"color": 0,
							"children": [24, 25, 26, 27, 28, 29, 30, 31, 32, 33]
						},
						{
							"name": "s1",
							"origin": [7, 0.3, 7.95],
							"color": 0,
							"children": [34, 35, 36, 37, 38, 39, 40, 41, 42, 43]
						}
					]
				}
			]
		}
	]
}