{
	"parent": "item/generated",
	"textures": {
		"layer0": "item/feather"
	},
	
	"overrides": [
		{"predicate": {"custom_model_data":1}, "model": "custom/ui/owlsdev/empty"},
		{"predicate": {"custom_model_data":2}, "model": "custom/cosmetics/owlsdev/flame_fist"},
		{"predicate": {"custom_model_data":3}, "model": "custom/cosmetics/owlsdev/angel_ring"},
		{"predicate": {"custom_model_data":4}, "model": "custom/cosmetics/owlsdev/chick_hat"},
		{"predicate": {"custom_model_data":5}, "model": "custom/ui/next_button"},
		{"predicate": {"custom_model_data":6}, "model": "custom/ui/back_button"},
		{"predicate": {"custom_model_data":9}, "model": "custom/ui/next_button_dim"},
		{"predicate": {"custom_model_data":10}, "model": "custom/ui/back_button_dim"},
		{"predicate": {"custom_model_data":11}, "model": "custom/cosmetics/owlsdev/paladin_wings"},
		{"predicate": {"custom_model_data":12}, "model": "custom/ui/owlsdev/locked_button"},
		{"predicate": {"custom_model_data":13}, "model": "custom/ui/owlsdev/settings/enabled"},
		{"predicate": {"custom_model_data":14}, "model": "custom/ui/owlsdev/settings/disabled"},
		{"predicate": {"custom_model_data":15}, "model": "custom/ui/owlsdev/markets/cross"},
		{"predicate": {"custom_model_data":16}, "model": "custom/ui/arrow_left"},
		{"predicate": {"custom_model_data":17}, "model": "custom/ui/arrow_next"},
		{"predicate": {"custom_model_data":18}, "model": "custom/ui/owlsdev/markets/yes"},
		{"predicate": {"custom_model_data":30}, "model": "custom/decorations/beaty_chest"},
		{"predicate": {"custom_model_data":31}, "model": "custom/decorations/cosmetic_sign"},
		{ "predicate": {"custom_model_data": 99}, "model": "custom/decorations/bankname"},
		{ "predicate": {"custom_model_data": 101}, "model": "custom/decorations/bank"},
		{ "predicate": {"custom_model_data": 102}, "model": "custom/decorations/bank_sign"}
	]
}
