{"textures":{"0":"modelengine:entity/lr_tinkerer","1":"modelengine:entity/lr_tinkerer_spanner"},"elements":[{"name":"cube","from":[4.276312,3.8365374,7.7],"to":[10.876312,11.636538,11.900001],"rotation":{"angle":0.0,"axis":"x","origin":[7.576312,6.536537,5.6]},"faces":{"down":{"uv":[8.985,1.765,6.265,3.485],"rotation":0,"texture":"#0","tintindex":0},"east":{"uv":[0.015,3.265,1.735,6.485],"rotation":0,"texture":"#0","tintindex":0},"north":{"uv":[0.015,0.015,2.735,3.235],"rotation":0,"texture":"#0","tintindex":0},"south":{"uv":[2.765,0.015,5.485,3.235],"rotation":0,"texture":"#0","tintindex":0},"up":{"uv":[8.235,1.735,5.515,0.015],"rotation":0,"texture":"#0","tintindex":0},"west":{"uv":[1.735,3.265,0.015,6.485],"rotation":0,"texture":"#0","tintindex":0}}},{"name":"cube","from":[7.576312,10.436538,8.3],"to":[9.976313,15.236538,10.1],"rotation":{"angle":-22.5,"axis":"z","origin":[8.776312,10.436538,9.2]},"faces":{"down":{"uv":[2.735,14.015,1.765,14.735],"rotation":0,"texture":"#0","tintindex":0},"east":{"uv":[1.265,11.765,1.985,13.735],"rotation":0,"texture":"#0","tintindex":0},"north":{"uv":[4.515,10.765,5.485,12.735],"rotation":0,"texture":"#0","tintindex":0},"south":{"uv":[11.265,0.015,12.235,1.985],"rotation":0,"texture":"#0","tintindex":0},"up":{"uv":[0.985,14.735,0.015,14.015],"rotation":0,"texture":"#0","tintindex":0},"west":{"uv":[12.015,10.015,12.735,11.985],"rotation":0,"texture":"#0","tintindex":0}}},{"name":"cube","from":[6.3763123,10.436538,8.9],"to":[8.776312,15.236538,10.700001],"rotation":{"angle":0.0,"axis":"x","origin":[7.576312,10.436538,9.8]},"faces":{"down":{"uv":[4.735,14.015,3.765,14.735],"rotation":0,"texture":"#0","tintindex":0},"east":{"uv":[12.015,12.015,12.735,13.985],"rotation":0,"texture":"#0","tintindex":0},"north":{"uv":[11.265,2.015,12.235,3.985],"rotation":0,"texture":"#0","tintindex":0},"south":{"uv":[11.265,4.015,12.235,5.985],"rotation":0,"texture":"#0","tintindex":0},"up":{"uv":[3.735,14.735,2.765,14.015],"rotation":0,"texture":"#0","tintindex":0},"west":{"uv":[12.265,0.015,12.985,1.985],"rotation":0,"texture":"#0","tintindex":0}}},{"name":"cube","from":[4.276312,3.8365374,11.900001],"to":[10.876312,8.636538,13.1],"rotation":{"angle":0.0,"axis":"x","origin":[7.576312,6.536537,5.6]},"faces":{"down":{"uv":[14.985,4.015,12.265,4.485],"rotation":0,"texture":"#0","tintindex":0},"east":{"uv":[5.015,12.765,5.485,14.735],"rotation":0,"texture":"#0","tintindex":0},"north":{"uv":[3.515,3.265,6.235,5.235],"rotation":0,"texture":"#0","tintindex":0},"south":{"uv":[3.515,5.265,6.235,7.235],"rotation":0,"texture":"#0","tintindex":0},"up":{"uv":[13.735,6.485,11.015,6.015],"rotation":0,"texture":"#0","tintindex":0},"west":{"uv":[1.265,13.765,1.735,15.735],"rotation":0,"texture":"#0","tintindex":0}}},{"name":"cube","from":[6.076312,11.636538,7.7],"to":[9.076312,13.436538,7.7],"rotation":{"angle":0.0,"axis":"x","origin":[7.576312,6.536537,5.6]},"faces":{"down":{"uv":[1.235,0.015,0.015,0.015],"rotation":0,"texture":"#0","tintindex":0},"east":{"uv":[0.015,0.015,0.015,0.735],"rotation":0,"texture":"#0","tintindex":0},"north":{"uv":[14.985,13.015,13.765,13.735],"rotation":0,"texture":"#0","tintindex":0},"south":{"uv":[13.765,13.015,14.985,13.735],"rotation":0,"texture":"#0","tintindex":0},"up":{"uv":[1.235,0.015,0.015,0.015],"rotation":0,"texture":"#0","tintindex":0},"west":{"uv":[0.015,0.015,0.015,0.735],"rotation":0,"texture":"#0","tintindex":0}}}],"display":{"head":{"translation":[0.0,-6.4,0.0],"rotation":[0.0,0.0,0.0],"scale":[3.8095,3.8095,3.8095]}}}