{"textures":{"0":"modelengine:entity/lr_tinkerer","1":"modelengine:entity/lr_tinkerer_spanner"},"elements":[{"name":"cube","from":[6.95,6.2,8.0],"to":[8.75,8.0,9.8],"rotation":{"angle":0.0,"axis":"x","origin":[10.25,8.3,8.3]},"faces":{"down":{"uv":[13.735,14.515,13.015,15.235],"rotation":0,"texture":"#0","tintindex":0},"east":{"uv":[14.515,4.515,15.235,5.235],"rotation":0,"texture":"#0","tintindex":0},"north":{"uv":[14.265,8.515,14.985,9.235],"rotation":0,"texture":"#0","tintindex":0},"south":{"uv":[14.515,7.265,15.235,7.985],"rotation":0,"texture":"#0","tintindex":0},"up":{"uv":[12.985,15.235,12.265,14.515],"rotation":0,"texture":"#0","tintindex":0},"west":{"uv":[8.265,14.515,8.985,15.235],"rotation":0,"texture":"#0","tintindex":0}}},{"name":"cube","from":[6.95,6.2,7.4],"to":[8.75,6.8,8.0],"rotation":{"angle":0.0,"axis":"x","origin":[10.25,8.3,8.3]},"faces":{"down":{"uv":[15.485,2.765,14.765,2.985],"rotation":0,"texture":"#0","tintindex":0},"east":{"uv":[5.515,10.015,5.735,10.235],"rotation":0,"texture":"#0","tintindex":0},"north":{"uv":[8.265,1.515,8.985,1.735],"rotation":0,"texture":"#0","tintindex":0},"south":{"uv":[12.265,8.515,12.985,8.735],"rotation":0,"texture":"#0","tintindex":0},"up":{"uv":[15.235,5.485,14.515,5.265],"rotation":0,"texture":"#0","tintindex":0},"west":{"uv":[5.765,10.015,5.985,10.235],"rotation":0,"texture":"#0","tintindex":0}}}],"display":{"head":{"translation":[0.0,-6.4,0.0],"rotation":[0.0,0.0,0.0],"scale":[3.8095,3.8095,3.8095]}}}