{"textures":{"0":"modelengine:entity/lr_tinkerer","1":"modelengine:entity/lr_tinkerer_spanner"},"elements":[{"name":"cube","from":[7.25,6.2,8.0],"to":[9.05,8.0,9.8],"rotation":{"angle":0.0,"axis":"x","origin":[5.75,8.3,8.3]},"faces":{"down":{"uv":[13.015,14.515,13.735,15.235],"rotation":0,"texture":"#0","tintindex":0},"east":{"uv":[8.985,14.515,8.265,15.235],"rotation":0,"texture":"#0","tintindex":0},"north":{"uv":[14.985,8.515,14.265,9.235],"rotation":0,"texture":"#0","tintindex":0},"south":{"uv":[15.235,7.265,14.515,7.985],"rotation":0,"texture":"#0","tintindex":0},"up":{"uv":[12.265,15.235,12.985,14.515],"rotation":0,"texture":"#0","tintindex":0},"west":{"uv":[15.235,4.515,14.515,5.235],"rotation":0,"texture":"#0","tintindex":0}}},{"name":"cube","from":[7.25,6.2,7.4],"to":[9.05,6.8,8.0],"rotation":{"angle":0.0,"axis":"x","origin":[5.75,8.3,8.3]},"faces":{"down":{"uv":[14.765,2.765,15.485,2.985],"rotation":0,"texture":"#0","tintindex":0},"east":{"uv":[5.985,10.015,5.765,10.235],"rotation":0,"texture":"#0","tintindex":0},"north":{"uv":[8.985,1.515,8.265,1.735],"rotation":0,"texture":"#0","tintindex":0},"south":{"uv":[12.985,8.515,12.265,8.735],"rotation":0,"texture":"#0","tintindex":0},"up":{"uv":[14.515,5.485,15.235,5.265],"rotation":0,"texture":"#0","tintindex":0},"west":{"uv":[5.735,10.015,5.515,10.235],"rotation":0,"texture":"#0","tintindex":0}}}],"display":{"head":{"translation":[0.0,-6.4,0.0],"rotation":[0.0,0.0,0.0],"scale":[3.8095,3.8095,3.8095]}}}