{"credit":"Made with Blockbench","texture_size":[64,64],"textures":{"0":"custom/cosmetics/owlsdev/basic_kite","particle":"custom/cosmetics/owlsdev/basic_kite"},"elements":[{"name":"cube inverted","from":[26.34315,1,29.34315],"to":[-5.65685,0,-2.65685],"rotation":{"angle":-45,"axis":"y","origin":[10.34315,0.5,10.34315]},"faces":{"east":{"uv":[0.25,0,0,8],"rotation":270,"texture":"#0"},"south":{"uv":[8,0.25,0,0],"texture":"#0"},"up":{"uv":[8,8,0,16],"rotation":90,"texture":"#0"},"down":{"uv":[8,0,0,8],"texture":"#0"}}},{"from":[-5.65685,0,-2.65685],"to":[26.34315,1,29.34315],"rotation":{"angle":-45,"axis":"y","origin":[10.34315,0.5,10.34315]},"faces":{"north":{"uv":[8,0,0,0.25],"texture":"#0"},"west":{"uv":[0,0,0.25,8],"rotation":270,"texture":"#0"},"up":{"uv":[0,0,8,8],"texture":"#0"},"down":{"uv":[8,16,0,8],"rotation":90,"texture":"#0"}}},{"from":[-5.65685,0,-2.65685],"to":[26.34315,1,29.34315],"rotation":{"angle":-45,"axis":"y","origin":[10.34315,0.5,10.34315]},"faces":{"up":{"uv":[8,0,16,8],"texture":"#0","tintindex":0},"down":{"uv":[16,16,8,8],"rotation":90,"texture":"#0","tintindex":0}}},{"name":"cube inverted","from":[26.34315,1,29.34315],"to":[-5.65685,0,-2.65685],"rotation":{"angle":-45,"axis":"y","origin":[10.34315,0.5,10.34315]},"faces":{"up":{"uv":[16,8,8,16],"rotation":90,"texture":"#0","tintindex":0},"down":{"uv":[16,0,8,8],"texture":"#0","tintindex":0}}}],"gui_light":"front","display":{"gui":{"rotation":[69,0,0],"translation":[0,0.25,0],"scale":[0.34,0.34,0.34]},"head":{"rotation":[21,0,0],"translation":[-0.5,3.25,27],"scale":[2.2857,2.2857,2.2857]}},"groups":[{"name":"group","origin":[0,0,0],"color":0,"children":[0,1,2,3]}]}