{
	"credit": "Made with Blockbench",
	"texture_size": [32, 32],
	"textures": {
		"0": "custom/cosmetics/owlsdev/chick_hat",
		"particle": "custom/cosmetics/owlsdev/chick_hat"
	},
	"elements": [
		{
			"name": "head",
			"from": [5, 13, 4],
			"to": [11, 16, 10],
			"rotation": {"angle": 0, "axis": "y", "origin": [8, 8, 8]},
			"faces": {
				"north": {"uv": [3.5, 10, 6.5, 11.5], "texture": "#0"},
				"east": {"uv": [10, 3.5, 13, 5], "texture": "#0"},
				"south": {"uv": [10, 5.5, 13, 7], "texture": "#0"},
				"west": {"uv": [7, 10, 10, 11.5], "texture": "#0"},
				"up": {"uv": [3, 13, 0, 10], "texture": "#0"},
				"down": {"uv": [13, 0, 10, 3], "texture": "#0"}
			}
		},
		{
			"name": "head",
			"from": [3.5, 9, 3.5],
			"to": [12.5, 13, 12.5],
			"rotation": {"angle": 0, "axis": "y", "origin": [8.5, 8, 7.5]},
			"faces": {
				"north": {"uv": [5, 0, 9.5, 2], "texture": "#0"},
				"east": {"uv": [5, 2.5, 9.5, 4.5], "texture": "#0"},
				"south": {"uv": [5, 5, 9.5, 7], "texture": "#0"},
				"west": {"uv": [5, 7.5, 9.5, 9.5], "texture": "#0"},
				"up": {"uv": [4.5, 4.5, 0, 0], "texture": "#0"},
				"down": {"uv": [4.5, 5, 0, 9.5], "texture": "#0"}
			}
		},
		{
			"name": "head",
			"from": [0.5, 13, 5.5],
			"to": [3.5, 14, 9.5],
			"rotation": {"angle": -22.5, "axis": "z", "origin": [1, 12, 8]},
			"faces": {
				"north": {"uv": [13.5, 2, 15, 2.5], "texture": "#0"},
				"east": {"uv": [12.5, 12.5, 14.5, 13], "texture": "#0"},
				"south": {"uv": [13.5, 3, 15, 3.5], "texture": "#0"},
				"west": {"uv": [0, 13.5, 2, 14], "texture": "#0"},
				"up": {"uv": [11.5, 9.5, 10, 7.5], "texture": "#0"},
				"down": {"uv": [12, 10, 10.5, 12], "texture": "#0"}
			}
		},
		{
			"name": "head",
			"from": [12.5, 13, 5.5],
			"to": [15.5, 14, 9.5],
			"rotation": {"angle": 22.5, "axis": "z", "origin": [15, 12, 8]},
			"faces": {
				"north": {"uv": [13.5, 4, 15, 4.5], "texture": "#0"},
				"east": {"uv": [13.5, 0, 15.5, 0.5], "texture": "#0"},
				"south": {"uv": [13.5, 5, 15, 5.5], "texture": "#0"},
				"west": {"uv": [13.5, 1, 15.5, 1.5], "texture": "#0"},
				"up": {"uv": [5, 14, 3.5, 12], "texture": "#0"},
				"down": {"uv": [7, 12, 5.5, 14], "texture": "#0"}
			}
		},
		{
			"name": "head",
			"from": [7, 12, 1],
			"to": [9, 14, 4],
			"rotation": {"angle": 0, "axis": "y", "origin": [8, 8, 8]},
			"faces": {
				"north": {"uv": [11, 12.5, 12, 13.5], "texture": "#0"},
				"east": {"uv": [7.5, 12, 9, 13], "texture": "#0"},
				"south": {"uv": [12.5, 11, 13.5, 12], "texture": "#0"},
				"west": {"uv": [12, 7.5, 13.5, 8.5], "texture": "#0"},
				"up": {"uv": [13.5, 10.5, 12.5, 9], "texture": "#0"},
				"down": {"uv": [10.5, 12.5, 9.5, 14], "texture": "#0"}
			}
		}
	],
	"gui_light": "front",
	"display": {
		"thirdperson_righthand": {
			"translation": [0, -1.75, 0]
		},
		"thirdperson_lefthand": {
			"translation": [0, -1.75, 0]
		},
		"gui": {
			"rotation": [30, -135, 0],
			"translation": [0, -3.75, 0]
		},
		"head": {
			"scale": [1.7, 1.7, 1.7]
		},
		"fixed": {
			"rotation": [-30, 30, 0],
			"translation": [0, -3, 0]
		}
	}
}