{"credit":"Made with Blockbench","texture_size":[128,128],"textures":{"0":"custom/cosmetics/owlsdev/dragon_balloon","particle":"custom/cosmetics/owlsdev/dragon_balloon"},"elements":[{"from":[2,0,0],"to":[14,12,16],"rotation":{"angle":0,"axis":"y","origin":[0,0,-5]},"faces":{"north":{"uv":[6.125,6.375,7.625,7.875],"texture":"#0","tintindex":0},"east":{"uv":[7.625,6.375,9.625,7.875],"texture":"#0","tintindex":0},"south":{"uv":[6.125,6.375,7.625,7.875],"texture":"#0","tintindex":0},"west":{"uv":[9.625,6.375,7.625,7.875],"texture":"#0","tintindex":0},"up":{"uv":[6.125,4.375,7.625,6.375],"texture":"#0","tintindex":0},"down":{"uv":[7.625,4.375,9.125,6.375],"texture":"#0","tintindex":0}}},{"from":[2,0,0],"to":[14,12,16],"rotation":{"angle":0,"axis":"y","origin":[0,0,-5]},"faces":{"east":{"uv":[4.125,6.375,6.125,7.875],"texture":"#0"},"west":{"uv":[6.125,6.375,4.125,7.875],"texture":"#0"}}},{"from":[2,-8,0],"to":[2,0,16],"rotation":{"angle":-22.5,"axis":"z","origin":[2,0,8]},"faces":{"east":{"uv":[7.625,7.875,9.625,8.875],"texture":"#0"},"west":{"uv":[9.625,7.875,7.625,8.875],"texture":"#0"}}},{"from":[14,-8,0],"to":[14,0,16],"rotation":{"angle":22.5,"axis":"z","origin":[14,0,8]},"faces":{"east":{"uv":[7.625,7.875,9.625,8.875],"texture":"#0"},"west":{"uv":[9.625,7.875,7.625,8.875],"texture":"#0"}}},{"from":[7,12,3],"to":[9,16,14],"rotation":{"angle":0,"axis":"y","origin":[0,0,-5]},"faces":{"north":{"uv":[0,4.375,0.125,4.875],"texture":"#0"},"east":{"uv":[0,4.375,1.375,4.875],"texture":"#0"},"south":{"uv":[1.25,4.375,1.375,4.875],"texture":"#0"},"west":{"uv":[0,4.375,1.375,4.875],"texture":"#0"},"up":{"uv":[1.375,4.375,0,4.5],"rotation":270,"texture":"#0"},"down":{"uv":[0,0,0.25,1.375],"texture":"#missing"}}}],"display":{"head":{"scale":[2.2857,2.2857,2.2857]}},"groups":[{"name":"group","origin":[0,0,0],"color":0,"children":[0,1,2,3,4]}]}