{
	"credit": "Made with Blockbench",
	"textures": {
		"1": "custom/cosmetics/owlsdev/paladin_wings",
		"particle": "custom/cosmetics/owlsdev/paladin_wings"
	},
	"elements": [
		{
			"from": [-16, 6, 8],
			"to": [0, 22, 8],
			"rotation": {"angle": -22.5, "axis": "z", "origin": [0, 0, 0]},
			"faces": {
				"north": {"uv": [3.24242, 0.125, 5.32008, 2.625], "texture": "#1"},
				"east": {"uv": [0, 0, 0, 12], "texture": "#missing"},
				"south": {"uv": [5.31818, 0.125, 3.25, 2.625], "texture": "#1"},
				"west": {"uv": [0, 0, 0, 12], "texture": "#missing"},
				"up": {"uv": [0, 0, 16, 0], "texture": "#missing"},
				"down": {"uv": [0, 0, 16, 0], "texture": "#missing"}
			}
		},
		{
			"from": [14, 0, 8],
			"to": [30, 16, 8],
			"rotation": {"angle": 22.5, "axis": "z", "origin": [0, 0, 0]},
			"faces": {
				"north": {"uv": [1.125, 0.1875, 3.16193, 2.625], "texture": "#1"},
				"east": {"uv": [0, 0, 0, 12], "texture": "#missing"},
				"south": {"uv": [3.19318, 0.1875, 1.125, 2.625], "texture": "#1"},
				"west": {"uv": [0, 0, 0, 12], "texture": "#missing"},
				"up": {"uv": [0, 0, 16, 0], "texture": "#missing"},
				"down": {"uv": [0, 0, 16, 0], "texture": "#missing"}
			}
		},
		{
			"from": [1.68511, 7.89804, 6.55064],
			"to": [3.61759, 9.83052, 9.44936],
			"rotation": {"angle": 0, "axis": "x", "origin": [8, 11.23844, 10.31407]},
			"faces": {
				"north": {"uv": [5.8675, 7.1325, 5.6325, 7.3675], "texture": "#1", "tintindex": 0},
				"east": {"uv": [7.1175, 6.5075, 6.7575, 6.7425], "texture": "#missing", "tintindex": 0},
				"south": {"uv": [7.3675, 6.8825, 7.1325, 7.1175], "texture": "#1", "tintindex": 0},
				"west": {"uv": [7.1175, 6.1325, 6.7575, 6.3675], "texture": "#1", "tintindex": 0},
				"up": {"uv": [5.6325, 6.9925, 5.8675, 6.6325], "texture": "#1", "tintindex": 0},
				"down": {"uv": [6.8825, 0.0075, 7.1175, 0.3675], "texture": "#1", "tintindex": 0}
			}
		},
		{
			"from": [2.16823, 6.9318, 7.03376],
			"to": [4.10071, 10.79676, 8.96624],
			"rotation": {"angle": 0, "axis": "x", "origin": [8, 11.23844, 10.31407]},
			"faces": {
				"north": {"uv": [4.1325, 6.6325, 4.3675, 7.1175], "texture": "#1", "tintindex": 0},
				"east": {"uv": [4.5075, 6.6325, 4.7425, 7.1175], "texture": "#1", "tintindex": 0},
				"south": {"uv": [4.8825, 6.6325, 5.1175, 7.1175], "texture": "#1", "tintindex": 0},
				"west": {"uv": [5.2575, 6.6325, 5.4925, 7.1175], "texture": "#1", "tintindex": 0},
				"up": {"uv": [7.4925, 0.2425, 7.2575, 0.0075], "texture": "#missing", "tintindex": 0},
				"down": {"uv": [7.4925, 2.7575, 7.2575, 2.9925], "texture": "#1", "tintindex": 0}
			}
		},
		{
			"from": [5.5844, 12.28046, 7.03376],
			"to": [10.4156, 14.21294, 8.96624],
			"rotation": {"angle": 0, "axis": "x", "origin": [8, 11.23844, 10.31407]},
			"faces": {
				"north": {"uv": [3.0075, 6.2575, 3.6175, 6.4925], "texture": "#1", "tintindex": 0},
				"east": {"uv": [6.8825, 3.7575, 7.1175, 3.9925], "texture": "#missing", "tintindex": 0},
				"south": {"uv": [3.7575, 6.2575, 4.3675, 6.4925], "texture": "#1", "tintindex": 0},
				"west": {"uv": [6.8825, 4.1325, 7.1175, 4.3675], "texture": "#missing", "tintindex": 0},
				"up": {"uv": [5.1175, 6.4925, 4.5075, 6.2575], "texture": "#1", "tintindex": 0},
				"down": {"uv": [5.8675, 6.2575, 5.2575, 6.4925], "texture": "#1", "tintindex": 0}
			}
		},
		{
			"from": [4.18862, 6.80244, 7.04584],
			"to": [6.1211, 11.63364, 8.95416],
			"rotation": {"angle": -45, "axis": "z", "origin": [8, 11.23844, 10.31407]},
			"faces": {
				"north": {"uv": [6.0075, 6.2575, 6.2425, 6.8675], "texture": "#1", "tintindex": 0},
				"east": {"uv": [6.3825, 6.2575, 6.6175, 6.8675], "texture": "#1", "tintindex": 0},
				"south": {"uv": [6.5075, 0.0075, 6.7425, 0.6175], "texture": "#1", "tintindex": 0},
				"west": {"uv": [6.5075, 0.7575, 6.7425, 1.3675], "texture": "#1", "tintindex": 0},
				"up": {"uv": [7.1175, 5.7425, 6.8825, 5.5075], "texture": "#missing", "tintindex": 0},
				"down": {"uv": [6.9925, 6.8825, 6.7575, 7.1175], "texture": "#missing", "tintindex": 0}
			}
		},
		{
			"from": [11.89929, 6.9318, 7.03376],
			"to": [13.83178, 10.79676, 8.96624],
			"rotation": {"angle": 0, "axis": "x", "origin": [8, 11.23844, 10.31407]},
			"faces": {
				"north": {"uv": [6.5075, 5.5075, 6.7425, 5.9925], "texture": "#1", "tintindex": 0},
				"east": {"uv": [3.0075, 6.6325, 3.2425, 7.1175], "texture": "#1", "tintindex": 0},
				"south": {"uv": [3.3825, 6.6325, 3.6175, 7.1175], "texture": "#1", "tintindex": 0},
				"west": {"uv": [3.7575, 6.6325, 3.9925, 7.1175], "texture": "#1", "tintindex": 0},
				"up": {"uv": [7.2425, 4.7425, 7.0075, 4.5075], "texture": "#missing", "tintindex": 0},
				"down": {"uv": [7.2425, 4.8825, 7.0075, 5.1175], "texture": "#1", "tintindex": 0}
			}
		},
		{
			"from": [9.8789, 6.80244, 7.04584],
			"to": [11.81138, 11.63364, 8.95416],
			"rotation": {"angle": 45, "axis": "z", "origin": [8, 11.23844, 10.31407]},
			"faces": {
				"north": {"uv": [6.5075, 1.5075, 6.7425, 2.1175], "texture": "#1", "tintindex": 0},
				"east": {"uv": [6.5075, 2.2575, 6.7425, 2.8675], "texture": "#1", "tintindex": 0},
				"south": {"uv": [6.5075, 3.0075, 6.7425, 3.6175], "texture": "#1", "tintindex": 0},
				"west": {"uv": [6.5075, 3.7575, 6.7425, 4.3675], "texture": "#1", "tintindex": 0},
				"up": {"uv": [6.2425, 7.2425, 6.0075, 7.0075], "texture": "#missing", "tintindex": 0},
				"down": {"uv": [6.6175, 7.0075, 6.3825, 7.2425], "texture": "#missing", "tintindex": 0}
			}
		},
		{
			"from": [12.38242, 7.89804, 6.55064],
			"to": [14.3149, 9.83052, 9.44936],
			"rotation": {"angle": 0, "axis": "x", "origin": [8, 11.23844, 10.31407]},
			"faces": {
				"north": {"uv": [5.6325, 7.1325, 5.8675, 7.3675], "texture": "#1", "tintindex": 0},
				"east": {"uv": [6.7575, 6.1325, 7.1175, 6.3675], "texture": "#1", "tintindex": 0},
				"south": {"uv": [7.1325, 6.8825, 7.3675, 7.1175], "texture": "#1", "tintindex": 0},
				"west": {"uv": [6.7575, 6.5075, 7.1175, 6.7425], "texture": "#1", "tintindex": 0},
				"up": {"uv": [5.8675, 6.9925, 5.6325, 6.6325], "texture": "#1", "tintindex": 0},
				"down": {"uv": [7.1175, 0.0075, 6.8825, 0.3675], "texture": "#1", "tintindex": 0}
			}
		},
		{
			"from": [6.55064, 12.83225, 6.55064],
			"to": [9.44936, 14.76473, 9.44936],
			"rotation": {"angle": 0, "axis": "x", "origin": [8, 11.23844, 10.31407]},
			"faces": {
				"north": {"uv": [6.8825, 0.5075, 7.2425, 0.7425], "texture": "#1", "tintindex": 0},
				"east": {"uv": [6.8825, 0.8825, 7.2425, 1.1175], "texture": "#1", "tintindex": 0},
				"south": {"uv": [6.8825, 1.2575, 7.2425, 1.4925], "texture": "#1", "tintindex": 0},
				"west": {"uv": [6.8825, 1.6325, 7.2425, 1.8675], "texture": "#1", "tintindex": 0},
				"up": {"uv": [6.8675, 4.8675, 6.5075, 4.5075], "texture": "#1", "tintindex": 0},
				"down": {"uv": [6.8675, 5.0075, 6.5075, 5.3675], "texture": "#1", "tintindex": 0}
			}
		},
		{
			"from": [3.22238, 7.76868, 7.51688],
			"to": [4.18862, 10.6674, 8.48312],
			"rotation": {"angle": -45, "axis": "z", "origin": [8, 11.23844, 10.31407]},
			"faces": {
				"north": {"uv": [3.3825, 7.2575, 3.4925, 7.6175], "texture": "#1", "tintindex": 0},
				"east": {"uv": [7.2575, 3.5075, 7.3675, 3.8675], "texture": "#missing", "tintindex": 0},
				"south": {"uv": [3.6325, 7.2575, 3.7425, 7.6175], "texture": "#1", "tintindex": 0},
				"west": {"uv": [3.8825, 7.2575, 3.9925, 7.6175], "texture": "#1", "tintindex": 0},
				"up": {"uv": [6.9925, 5.9925, 6.8825, 5.8825], "texture": "#1", "tintindex": 0},
				"down": {"uv": [7.1175, 5.2575, 7.0075, 5.3675], "texture": "#1", "tintindex": 0}
			}
		},
		{
			"from": [11.81138, 7.76868, 7.51688],
			"to": [12.77762, 10.6674, 8.48312],
			"rotation": {"angle": 45, "axis": "z", "origin": [8, 11.23844, 10.31407]},
			"faces": {
				"north": {"uv": [7.2575, 4.0075, 7.3675, 4.3675], "texture": "#1", "tintindex": 0},
				"east": {"uv": [4.1325, 7.2575, 4.2425, 7.6175], "texture": "#1", "tintindex": 0},
				"south": {"uv": [4.3825, 7.2575, 4.4925, 7.6175], "texture": "#1", "tintindex": 0},
				"west": {"uv": [4.6325, 7.2575, 4.7425, 7.6175], "texture": "#missing", "tintindex": 0},
				"up": {"uv": [7.2425, 5.9925, 7.1325, 5.8825], "texture": "#1", "tintindex": 0},
				"down": {"uv": [4.9925, 7.2575, 4.8825, 7.3675], "texture": "#1", "tintindex": 0}
			}
		},
		{
			"from": [2.92724, 2.88094, 8],
			"to": [13.07276, 15.44206, 8],
			"rotation": {"angle": 0, "axis": "x", "origin": [8, 11.23844, 10.31407]},
			"faces": {
				"north": {"uv": [0.0075, 6.2575, 1.3125, 7.8675], "texture": "#1", "tintindex": 0},
				"east": {"uv": [6.7575, 7.2575, 6.7575, 8.8675], "texture": "#missing", "tintindex": 0},
				"south": {"uv": [1.3125, 6.2575, 0.0075, 7.8675], "texture": "#1", "tintindex": 0},
				"west": {"uv": [6.8825, 7.2575, 6.8825, 8.8675], "texture": "#missing", "tintindex": 0},
				"up": {"uv": [8.6175, 5.6325, 7.2575, 5.6325], "texture": "#missing", "tintindex": 0},
				"down": {"uv": [8.6175, 5.7575, 7.2575, 5.7575], "texture": "#missing", "tintindex": 0}
			}
		}
	],
	"display": {
		"thirdperson_righthand": {
			"scale": [0, 0, 0]
		},
		"thirdperson_lefthand": {
			"scale": [0, 0, 0]
		},
		"firstperson_righthand": {
			"scale": [0, 0, 0]
		},
		"firstperson_lefthand": {
			"scale": [0, 0, 0]
		},
		"gui": {
			"translation": [0, -3.25, 0],
			"scale": [0.5, 0.5, 0.5]
		},
		"head": {
			"translation": [0, -54.65, 7.75],
			"scale": [3, 3, 3]
		}
	},
	"groups": [
		0,
		1,
		{
			"name": "group",
			"origin": [8, 11.23844, 10.31407],
			"color": 0,
			"children": [2, 3, 4, 5, 6, 7, 8, 9, 10, 11, 12]
		}
	]
}