{
	"credit": "Made with Love",
	"texture_size": [64, 64],
	"textures": {
		"0": "custom/cosmetics/owlsdev/samurai_sword",
		"particle": "custom/cosmetics/owlsdev/samurai_sword"
	},
	"elements": [
		{
			"from": [7.9, 6.9, 7.7],
			"to": [9.1, 7.6, 8.1],
			"faces": {
				"north": {"uv": [3.008, 0.008, 3.3125, 0.1875], "texture": "#0"},
				"east": {"uv": [3.008, 4.508, 3.09375, 4.6875], "texture": "#0"},
				"south": {"uv": [3.008, 0.508, 3.3125, 0.6875], "texture": "#0"},
				"west": {"uv": [4.508, 3.008, 4.59375, 3.1875], "texture": "#0"},
				"up": {"uv": [3.3125, 1.09375, 3.008, 1.008], "texture": "#0"}
			}
		},
		{
			"from": [7.8, 6.7, 7.5],
			"to": [9.2, 7, 8.3],
			"faces": {
				"north": {"uv": [2.508, 3.508, 2.84375, 3.5625], "texture": "#0"},
				"south": {"uv": [3.258, 3.508, 3.59375, 3.5625], "texture": "#0"},
				"up": {"uv": [2.84375, 2.1875, 2.508, 2.008], "texture": "#0"},
				"down": {"uv": [2.84375, 2.508, 2.508, 2.6875], "texture": "#0"}
			}
		},
		{
			"from": [7.8, 6.7, 7.1],
			"to": [9.2, 7, 7.3],
			"faces": {
				"north": {"uv": [3.758, 0.008, 4.09375, 0.0625], "texture": "#0"},
				"east": {"uv": [5.508, 2.508, 5.5625, 2.5625], "texture": "#0"},
				"south": {"uv": [3.758, 0.508, 4.09375, 0.5625], "texture": "#0"},
				"west": {"uv": [3.008, 5.508, 3.0625, 5.5625], "texture": "#0"},
				"up": {"uv": [4.09375, 1.0625, 3.758, 1.008], "texture": "#0"},
				"down": {"uv": [4.09375, 1.508, 3.758, 1.5625], "texture": "#0"}
			}
		},
		{
			"from": [7.8, 6.7, 8.5],
			"to": [9.2, 7, 8.7],
			"faces": {
				"north": {"uv": [3.758, 2.508, 4.09375, 2.5625], "texture": "#0"},
				"east": {"uv": [3.508, 5.508, 3.5625, 5.5625], "texture": "#0"},
				"south": {"uv": [3.758, 3.008, 4.09375, 3.0625], "texture": "#0"},
				"west": {"uv": [4.008, 5.508, 4.0625, 5.5625], "texture": "#0"},
				"up": {"uv": [2.34375, 4.0625, 2.008, 4.008], "texture": "#0"},
				"down": {"uv": [4.34375, 2.008, 4.008, 2.0625], "texture": "#0"}
			}
		},
		{
			"from": [7.6, 6.7, 7.3],
			"to": [7.8, 7, 8.5],
			"faces": {
				"north": {"uv": [4.508, 5.508, 4.5625, 5.5625], "texture": "#0"},
				"south": {"uv": [5.508, 4.758, 5.5625, 4.8125], "texture": "#0"},
				"west": {"uv": [3.508, 4.008, 3.8125, 4.0625], "texture": "#0"},
				"up": {"uv": [4.3125, 3.8125, 4.258, 3.508], "texture": "#0"},
				"down": {"uv": [4.3125, 4.258, 4.258, 4.5625], "texture": "#0"}
			}
		},
		{
			"from": [7.8, 6.7, 8.4],
			"to": [8.2, 7, 8.5],
			"faces": {
				"north": {"uv": [5.258, 1.508, 5.34375, 1.5625], "texture": "#0"},
				"east": {"uv": [6.008, 5.008, 6.03125, 5.0625], "texture": "#0"},
				"up": {"uv": [2.59375, 6.03125, 2.508, 6.008], "texture": "#0"},
				"down": {"uv": [6.09375, 2.508, 6.008, 2.53125], "texture": "#0"}
			}
		},
		{
			"from": [8.8, 6.7, 8.4],
			"to": [9.2, 7, 8.5],
			"faces": {
				"north": {"uv": [5.258, 3.258, 5.34375, 3.3125], "texture": "#0"},
				"west": {"uv": [6.258, 0.008, 6.28125, 0.0625], "texture": "#0"},
				"up": {"uv": [3.09375, 6.03125, 3.008, 6.008], "texture": "#0"},
				"down": {"uv": [3.59375, 6.008, 3.508, 6.03125], "texture": "#0"}
			}
		},
		{
			"from": [7.8, 6.7, 7.3],
			"to": [8.2, 7, 7.4],
			"faces": {
				"east": {"uv": [6.258, 0.508, 6.28125, 0.5625], "texture": "#0"},
				"south": {"uv": [5.508, 1.008, 5.59375, 1.0625], "texture": "#0"},
				"up": {"uv": [4.09375, 6.03125, 4.008, 6.008], "texture": "#0"},
				"down": {"uv": [4.59375, 6.008, 4.508, 6.03125], "texture": "#0"}
			}
		},
		{
			"from": [8.8, 6.7, 7.3],
			"to": [9.2, 7, 7.4],
			"faces": {
				"south": {"uv": [2.508, 5.508, 2.59375, 5.5625], "texture": "#0"},
				"west": {"uv": [6.258, 3.008, 6.28125, 3.0625], "texture": "#0"},
				"up": {"uv": [6.09375, 4.53125, 6.008, 4.508], "texture": "#0"},
				"down": {"uv": [5.09375, 6.008, 5.008, 6.03125], "texture": "#0"}
			}
		},
		{
			"from": [7.8, 6.7, 8.3],
			"to": [8, 7, 8.4],
			"faces": {
				"east": {"uv": [6.258, 3.508, 6.28125, 3.5625], "texture": "#0"},
				"up": {"uv": [5.5625, 6.28125, 5.508, 6.258], "texture": "#0"},
				"down": {"uv": [6.5625, 1.008, 6.508, 1.03125], "texture": "#0"}
			}
		},
		{
			"from": [9, 6.7, 8.3],
			"to": [9.2, 7, 8.4],
			"faces": {
				"west": {"uv": [2.508, 6.508, 2.53125, 6.5625], "texture": "#0"},
				"up": {"uv": [6.5625, 2.53125, 6.508, 2.508], "texture": "#0"},
				"down": {"uv": [3.0625, 6.508, 3.008, 6.53125], "texture": "#0"}
			}
		},
		{
			"from": [9, 6.7, 7.4],
			"to": [9.2, 7, 7.5],
			"faces": {
				"west": {"uv": [4.008, 6.508, 4.03125, 6.5625], "texture": "#0"},
				"up": {"uv": [4.5625, 6.53125, 4.508, 6.508], "texture": "#0"},
				"down": {"uv": [6.5625, 4.508, 6.508, 4.53125], "texture": "#0"}
			}
		},
		{
			"from": [7.8, 6.7, 7.4],
			"to": [8, 7, 7.5],
			"faces": {
				"east": {"uv": [5.008, 6.508, 5.03125, 6.5625], "texture": "#0"},
				"up": {"uv": [6.5625, 5.53125, 6.508, 5.508], "texture": "#0"},
				"down": {"uv": [6.0625, 6.508, 6.008, 6.53125], "texture": "#0"}
			}
		},
		{
			"from": [9.2, 6.7, 7.3],
			"to": [9.4, 7, 8.5],
			"faces": {
				"north": {"uv": [5.758, 4.008, 5.8125, 4.0625], "texture": "#0"},
				"east": {"uv": [4.508, 0.008, 4.8125, 0.0625], "texture": "#0"},
				"south": {"uv": [5.508, 5.758, 5.5625, 5.8125], "texture": "#0"},
				"up": {"uv": [4.5625, 1.3125, 4.508, 1.008], "texture": "#0"},
				"down": {"uv": [2.0625, 4.508, 2.008, 4.8125], "texture": "#0"}
			}
		},
		{
			"from": [8, 7.6, 7.8],
			"to": [9, 26.3, 8],
			"faces": {
				"north": {"uv": [0.008, 0.008, 0.242, 6.5625], "texture": "#0"},
				"east": {"uv": [1.008, 2.008, 1.0625, 8.5625], "texture": "#0"},
				"south": {"uv": [0.242, 0.008, 0.008, 6.5625], "texture": "#0"},
				"west": {"uv": [1.508, 2.008, 1.5625, 8.5625], "texture": "#0"},
				"up": {"uv": [3.742, 4.5625, 3.508, 4.508], "texture": "#0"}
			}
		},
		{
			"from": [7.9, -0.1, 7.7],
			"to": [9.1, 6.9, 8.1],
			"faces": {
				"north": {"uv": [1.008, 0.008, 1.3125, 1.742], "texture": "#0"},
				"east": {"uv": [2.008, 2.008, 2.09375, 3.742], "texture": "#0"},
				"south": {"uv": [1.3125, 0.008, 1.008, 1.742], "texture": "#0"},
				"west": {"uv": [2.508, 0.008, 2.59375, 1.742], "texture": "#0"},
				"down": {"uv": [3.5625, 2.008, 3.258, 2.09375], "texture": "#0"}
			}
		},
		{
			"from": [8, 27.3, 7.8],
			"to": [8.3, 27.8, 8],
			"faces": {
				"north": {"uv": [5.008, 2.758, 5.0625, 2.875], "texture": "#0"},
				"east": {"uv": [3.008, 5.008, 3.0625, 5.125], "texture": "#0"},
				"south": {"uv": [3.508, 5.008, 3.5625, 5.125], "texture": "#0"},
				"west": {"uv": [4.008, 5.008, 4.0625, 5.125], "texture": "#0"},
				"up": {"uv": [6.0625, 1.0625, 6.008, 1.008], "texture": "#0"}
			}
		},
		{
			"from": [8, 26.3, 7.8],
			"to": [8.8, 26.8, 8],
			"faces": {
				"north": {"uv": [3.258, 2.508, 3.4375, 2.625], "texture": "#0"},
				"east": {"uv": [4.508, 5.008, 4.5625, 5.125], "texture": "#0"},
				"south": {"uv": [3.4375, 2.508, 3.258, 2.625], "texture": "#0"},
				"west": {"uv": [5.008, 5.008, 5.0625, 5.125], "texture": "#0"},
				"up": {"uv": [4.9375, 4.5625, 4.758, 4.508], "texture": "#0"}
			}
		},
		{
			"from": [8, 26.8, 7.8],
			"to": [8.6, 27.3, 8],
			"faces": {
				"north": {"uv": [2.508, 4.508, 2.65625, 4.625], "texture": "#0"},
				"east": {"uv": [5.258, 0.008, 5.3125, 0.125], "texture": "#0"},
				"south": {"uv": [2.65625, 4.508, 2.508, 4.625], "texture": "#0"},
				"west": {"uv": [5.258, 0.508, 5.3125, 0.625], "texture": "#0"},
				"up": {"uv": [5.15625, 2.3125, 5.008, 2.258], "texture": "#0"}
			}
		}
	],
	"display": {
		"thirdperson_righthand": {
			"rotation": [0, 90, 0],
			"translation": [0, 2.25, 1.25]
		},
		"thirdperson_lefthand": {
			"rotation": [0, -90, 0],
			"translation": [0, 2.25, 1.25]
		},
		"firstperson_righthand": {
			"rotation": [0, 90, 0],
			"translation": [0, 2.25, 1.25]
		},
		"firstperson_lefthand": {
			"rotation": [0, -90, 0],
			"translation": [0, 2.25, 1.25],
			"scale": [0, 0, 0]
		},
		"ground": {
			"translation": [0, 6, 0]
		},
		"gui": {
			"rotation": [0, 0, -38],
			"translation": [-1.5, -2.25, 0],
			"scale": [0.55, 0.55, 0.55]
		},
		"head": {
			"rotation": [-88, 90, -4],
			"translation": [0, 7, 8]
		},
		"fixed": {
			"translation": [0, -4, 0],
			"scale": [0.7, 0.7, 0.7]
		}
	},
	"groups": [
		{
			"name": "group",
			"origin": [8, 8, 8],
			"color": 0,
			"children": [0, 1, 2, 3, 4, 5, 6, 7, 8, 9, 10, 11, 12, 13, 14, 15, 16, 17, 18]
		}
	]
}