{"credit":"Made with Blockbench","texture_size":[64,64],"textures":{"0":"custom/cosmetics/owlsdev/spider_legs","particle":"custom/cosmetics/owlsdev/spider_legs"},"elements":[{"from":[5.5,0,8],"to":[10.5,5,11],"rotation":{"angle":22.5,"axis":"x","origin":[8,2.5,9.5]},"faces":{"north":{"uv":[4,6,4.25,6.25],"texture":"#0"},"east":{"uv":[2.5,3.25,4,5.75],"texture":"#0"},"south":{"uv":[0,3.25,2.5,5.75],"texture":"#0"},"west":{"uv":[4,3.25,2.5,5.75],"texture":"#0"},"up":{"uv":[4,3.25,6.5,4.75],"texture":"#0"},"down":{"uv":[4,4.75,6.5,6.25],"texture":"#0"}}},{"from":[5.5,0,8],"to":[10.5,5,11],"rotation":{"angle":22.5,"axis":"x","origin":[8,2.5,9.5]},"faces":{"east":{"uv":[9,3.25,10.5,5.75],"texture":"#0","tintindex":0},"south":{"uv":[6.5,3.25,9,5.75],"texture":"#0","tintindex":0},"west":{"uv":[10.5,3.25,9,5.75],"texture":"#0","tintindex":0},"down":{"uv":[10.5,4.75,13,6.25],"texture":"#0","tintindex":0}}},{"from":[5.4,4.1,9],"to":[6.9,14.6,10.5],"rotation":{"angle":22.5,"axis":"z","origin":[5.5,4.1,9.55]},"faces":{"north":{"uv":[5.25,2.25,0,1.5],"rotation":270,"texture":"#0"},"east":{"uv":[0,2.25,5.25,1.5],"rotation":90,"texture":"#0"},"south":{"uv":[0,1.5,5.25,2.25],"rotation":90,"texture":"#0"},"west":{"uv":[0,2.25,5.25,1.5],"rotation":90,"texture":"#0"},"up":{"uv":[1.5,2.25,2.25,3],"rotation":90,"texture":"#0"},"down":{"uv":[0.75,2.25,1.5,3],"rotation":90,"texture":"#0"}}},{"from":[5.4,4.1,9],"to":[6.9,14.6,10.5],"rotation":{"angle":22.5,"axis":"z","origin":[5.5,4.1,9.55]},"faces":{"north":{"uv":[10.5,2.25,5.25,1.5],"rotation":270,"texture":"#0","tintindex":0},"east":{"uv":[5.25,2.25,10.5,1.5],"rotation":90,"texture":"#0","tintindex":0},"south":{"uv":[5.25,1.5,10.5,2.25],"rotation":90,"texture":"#0","tintindex":0},"west":{"uv":[5.25,2.25,10.5,1.5],"rotation":90,"texture":"#0","tintindex":0}}},{"from":[-7.70169,13.25438,4],"to":[0.29831,14.25438,5],"rotation":{"angle":-45,"axis":"y","origin":[-4.88919,14.87938,9.5]},"faces":{"north":{"uv":[4,1,0,0.5],"texture":"#0"},"east":{"uv":[3.75,0.75,4,1],"texture":"#0"},"south":{"uv":[0,0.5,4,1],"texture":"#0"},"west":{"uv":[0,0.5,0.25,0.75],"texture":"#0"},"up":{"uv":[0,1,4,0.5],"texture":"#0"},"down":{"uv":[0,1,4,0.5],"texture":"#0"}}},{"from":[-7.70169,13.25438,4],"to":[0.29831,14.25438,5],"rotation":{"angle":-45,"axis":"y","origin":[-4.88919,14.87938,9.5]},"faces":{"north":{"uv":[9.25,1,5.25,0.5],"texture":"#0","tintindex":0},"east":{"uv":[9,0.75,9.25,1],"texture":"#0","tintindex":0},"south":{"uv":[5.25,0.5,9.25,1],"texture":"#0","tintindex":0},"up":{"uv":[5.25,1,9.25,0.5],"texture":"#0","tintindex":0},"down":{"uv":[5.25,1,9.25,0.5],"texture":"#0","tintindex":0}}},{"from":[-7.70169,14.25438,4.5],"to":[0.29831,15.25438,4.5],"rotation":{"angle":-45,"axis":"y","origin":[-4.88919,14.87938,9.5]},"faces":{"north":{"uv":[4,0,0,0.5],"texture":"#0"},"south":{"uv":[0,0,4,0.5],"texture":"#0"}}},{"from":[-9.20169,12.25438,4.5],"to":[-7.70169,14.25438,4.5],"rotation":{"angle":-45,"axis":"y","origin":[-4.88919,14.87938,9.5]},"faces":{"north":{"uv":[0.75,2.25,0,3.25],"texture":"#0"},"east":{"uv":[0,0,0,0.5],"texture":"#missing"},"south":{"uv":[0,2.25,0.75,3.25],"texture":"#0"},"west":{"uv":[0,0,0,0.5],"texture":"#missing"},"up":{"uv":[0,0,0.375,0],"texture":"#missing"},"down":{"uv":[0,0,0.375,0],"texture":"#missing"}}},{"from":[6.9,4.1,9.5],"to":[7.9,14.6,9.5],"rotation":{"angle":22.5,"axis":"z","origin":[5.5,4.1,9.55]},"faces":{"north":{"uv":[5.25,1,0,1.5],"rotation":270,"texture":"#0"},"south":{"uv":[0,1,5.25,1.5],"rotation":90,"texture":"#0"}}},{"from":[-5,1,8],"to":[5.5,2.5,9.5],"rotation":{"angle":22.5,"axis":"z","origin":[5.5,5.1,8.55]},"faces":{"north":{"uv":[5.25,2.25,0,1.5],"texture":"#0"},"east":{"uv":[0.75,2.25,1.5,3],"texture":"#0"},"south":{"uv":[0,1.5,5.25,2.25],"texture":"#0"},"west":{"uv":[1.5,2.25,2.25,3],"texture":"#0"},"up":{"uv":[0,2.25,5.25,1.5],"texture":"#0"},"down":{"uv":[0,2.25,5.25,1.5],"texture":"#0"}}},{"from":[-5,1,8],"to":[5.5,2.5,9.5],"rotation":{"angle":22.5,"axis":"z","origin":[5.5,5.1,8.55]},"faces":{"north":{"uv":[10.5,2.25,5.25,1.5],"texture":"#0","tintindex":0},"south":{"uv":[5.25,1.5,10.5,2.25],"texture":"#0","tintindex":0},"up":{"uv":[5.25,2.25,10.5,1.5],"texture":"#0","tintindex":0},"down":{"uv":[5.25,2.25,10.5,1.5],"texture":"#0","tintindex":0}}},{"from":[-5.28265,-2.46122,2.42868],"to":[-4.28265,-1.46122,10.42868],"rotation":{"angle":22.5,"axis":"y","origin":[-6.78265,-1.83622,5.24118]},"faces":{"north":{"uv":[0,0.5,0.25,0.75],"texture":"#0"},"east":{"uv":[4,1,0,0.5],"texture":"#0"},"south":{"uv":[3.75,0.75,4,1],"texture":"#0"},"west":{"uv":[0,0.5,4,1],"texture":"#0"},"up":{"uv":[0,1,4,0.5],"rotation":90,"texture":"#0"},"down":{"uv":[0,1,4,0.5],"rotation":270,"texture":"#0"}}},{"from":[-5.28265,-2.46122,2.42868],"to":[-4.28265,-1.46122,10.42868],"rotation":{"angle":22.5,"axis":"y","origin":[-6.78265,-1.83622,5.24118]},"faces":{"east":{"uv":[9.25,1,5.25,0.5],"texture":"#0","tintindex":0},"south":{"uv":[9,0.75,9.25,1],"texture":"#0","tintindex":0},"west":{"uv":[5.25,0.5,9.25,1],"texture":"#0","tintindex":0},"up":{"uv":[5.25,1,9.25,0.5],"rotation":90,"texture":"#0","tintindex":0},"down":{"uv":[5.25,1,9.25,0.5],"rotation":270,"texture":"#0","tintindex":0}}},{"from":[-4.78265,-1.46122,2.42868],"to":[-4.78265,-0.46122,10.42868],"rotation":{"angle":22.5,"axis":"y","origin":[-6.78265,-1.83622,5.24118]},"faces":{"east":{"uv":[4,0,0,0.5],"texture":"#0"},"west":{"uv":[0,0,4,0.5],"texture":"#0"}}},{"from":[-4.78265,-3.46122,0.92868],"to":[-4.78265,-1.46122,2.42868],"rotation":{"angle":22.5,"axis":"y","origin":[-6.78265,-1.83622,5.24118]},"faces":{"north":{"uv":[0,0,0,0.5],"texture":"#missing"},"east":{"uv":[0.75,2.25,0,3.25],"texture":"#0"},"south":{"uv":[0,0,0,0.5],"texture":"#missing"},"west":{"uv":[0,2.25,0.75,3.25],"texture":"#0"},"up":{"uv":[0,0,0.375,0],"rotation":90,"texture":"#missing"},"down":{"uv":[0,0,0.375,0],"rotation":270,"texture":"#missing"}}},{"from":[-5,2.5,8.5],"to":[5.5,3.5,8.5],"rotation":{"angle":22.5,"axis":"z","origin":[5.5,5.1,8.55]},"faces":{"north":{"uv":[5.25,1,0,1.5],"texture":"#0"},"south":{"uv":[0,1,5.25,1.5],"texture":"#0"}}},{"from":[-4,2,9],"to":[6.5,3.5,10.5],"rotation":{"angle":-22.5,"axis":"z","origin":[6.5,4.1,9.55]},"faces":{"north":{"uv":[5.25,2.25,0,1.5],"texture":"#0"},"east":{"uv":[0.75,2.25,1.5,3],"texture":"#0"},"south":{"uv":[0,1.5,5.25,2.25],"texture":"#0"},"west":{"uv":[1.5,2.25,2.25,3],"texture":"#0"},"up":{"uv":[0,2.25,5.25,1.5],"texture":"#0"},"down":{"uv":[0,2.25,5.25,1.5],"texture":"#0"}}},{"from":[-4,2,9],"to":[6.5,3.5,10.5],"rotation":{"angle":-22.5,"axis":"z","origin":[6.5,4.1,9.55]},"faces":{"north":{"uv":[10.5,2.25,5.25,1.5],"texture":"#0","tintindex":0},"south":{"uv":[5.25,1.5,10.5,2.25],"texture":"#0","tintindex":0},"up":{"uv":[5.25,2.25,10.5,1.5],"texture":"#0","tintindex":0},"down":{"uv":[5.25,2.25,10.5,1.5],"texture":"#0","tintindex":0}}},{"from":[-6.011,6.25,3.49208],"to":[-5.011,7.25,11.49208],"rotation":{"angle":22.5,"axis":"y","origin":[-7.511,6.875,6.30458]},"faces":{"north":{"uv":[0,0.5,0.25,0.75],"texture":"#0"},"east":{"uv":[4,1,0,0.5],"texture":"#0"},"south":{"uv":[3.75,0.75,4,1],"texture":"#0"},"west":{"uv":[0,0.5,4,1],"texture":"#0"},"up":{"uv":[0,1,4,0.5],"rotation":90,"texture":"#0"},"down":{"uv":[0,1,4,0.5],"rotation":270,"texture":"#0"}}},{"from":[-6.011,6.25,3.49208],"to":[-5.011,7.25,11.49208],"rotation":{"angle":22.5,"axis":"y","origin":[-7.511,6.875,6.30458]},"faces":{"east":{"uv":[9.25,1,5.25,0.5],"texture":"#0","tintindex":0},"south":{"uv":[9,0.75,9.25,1],"texture":"#0","tintindex":0},"west":{"uv":[5.25,0.5,9.25,1],"texture":"#0","tintindex":0},"up":{"uv":[5.25,1,9.25,0.5],"rotation":90,"texture":"#0","tintindex":0},"down":{"uv":[5.25,1,9.25,0.5],"rotation":270,"texture":"#0","tintindex":0}}},{"from":[-5.511,7.25,3.49208],"to":[-5.511,8.25,11.49208],"rotation":{"angle":22.5,"axis":"y","origin":[-7.511,6.875,6.30458]},"faces":{"east":{"uv":[4,0,0,0.5],"texture":"#0"},"west":{"uv":[0,0,4,0.5],"texture":"#0"}}},{"from":[-5.511,5.25,1.99208],"to":[-5.511,7.25,3.49208],"rotation":{"angle":22.5,"axis":"y","origin":[-7.511,6.875,6.30458]},"faces":{"north":{"uv":[0,0,0,0.5],"texture":"#missing"},"east":{"uv":[0.75,2.25,0,3.25],"texture":"#0"},"south":{"uv":[0,0,0,0.5],"texture":"#missing"},"west":{"uv":[0,2.25,0.75,3.25],"texture":"#0"},"up":{"uv":[0,0,0.375,0],"rotation":90,"texture":"#missing"},"down":{"uv":[0,0,0.375,0],"rotation":270,"texture":"#missing"}}},{"from":[-4,3.5,9.5],"to":[6.5,4.5,9.5],"rotation":{"angle":-22.5,"axis":"z","origin":[6.5,4.1,9.55]},"faces":{"north":{"uv":[5.25,1,0,1.5],"texture":"#0"},"south":{"uv":[0,1,5.25,1.5],"texture":"#0"}}},{"from":[-4,0,8],"to":[6.5,1.5,9.5],"rotation":{"angle":45,"axis":"z","origin":[6.5,1.1,8.55]},"faces":{"north":{"uv":[5.25,2.25,0,1.5],"texture":"#0"},"east":{"uv":[0.75,2.25,1.5,3],"texture":"#0"},"south":{"uv":[0,1.5,5.25,2.25],"texture":"#0"},"west":{"uv":[1.5,2.25,2.25,3],"texture":"#0"},"up":{"uv":[0,2.25,5.25,1.5],"texture":"#0"},"down":{"uv":[0,2.25,5.25,1.5],"texture":"#0"}}},{"from":[-4,0,8],"to":[6.5,1.5,9.5],"rotation":{"angle":45,"axis":"z","origin":[6.5,1.1,8.55]},"faces":{"north":{"uv":[10.5,2.25,5.25,1.5],"texture":"#0","tintindex":0},"south":{"uv":[5.25,1.5,10.5,2.25],"texture":"#0","tintindex":0},"up":{"uv":[5.25,2.25,10.5,1.5],"texture":"#0","tintindex":0},"down":{"uv":[5.25,2.25,10.5,1.5],"texture":"#0","tintindex":0}}},{"from":[-8.49634,-6.88737,9],"to":[-0.49634,-5.88737,10],"rotation":{"angle":-45,"axis":"y","origin":[0.31616,-9.26237,8.5]},"faces":{"north":{"uv":[4,1,0,0.5],"texture":"#0"},"east":{"uv":[3.75,0.75,4,1],"texture":"#0"},"south":{"uv":[0,0.5,4,1],"texture":"#0"},"west":{"uv":[0,0.5,0.25,0.75],"texture":"#0"},"up":{"uv":[0,1,4,0.5],"texture":"#0"},"down":{"uv":[0,1,4,0.5],"texture":"#0"}}},{"from":[-8.49634,-6.88737,9],"to":[-0.49634,-5.88737,10],"rotation":{"angle":-45,"axis":"y","origin":[0.31616,-9.26237,8.5]},"faces":{"north":{"uv":[9.25,1,5.25,0.5],"texture":"#0","tintindex":0},"east":{"uv":[9,0.75,9.25,1],"texture":"#0","tintindex":0},"south":{"uv":[5.25,0.5,9.25,1],"texture":"#0","tintindex":0},"up":{"uv":[5.25,1,9.25,0.5],"texture":"#0","tintindex":0},"down":{"uv":[5.25,1,9.25,0.5],"texture":"#0","tintindex":0}}},{"from":[-8.49634,-5.88737,9.5],"to":[-0.49634,-4.88737,9.5],"rotation":{"angle":-45,"axis":"y","origin":[0.31616,-9.26237,8.5]},"faces":{"north":{"uv":[4,0,0,0.5],"texture":"#0"},"south":{"uv":[0,0,4,0.5],"texture":"#0"}}},{"from":[-9.99634,-7.88737,9.5],"to":[-8.49634,-5.88737,9.5],"rotation":{"angle":-45,"axis":"y","origin":[0.31616,-9.26237,8.5]},"faces":{"north":{"uv":[0.75,2.25,0,3.25],"texture":"#0"},"east":{"uv":[0,0,0,0.5],"texture":"#missing"},"south":{"uv":[0,2.25,0.75,3.25],"texture":"#0"},"west":{"uv":[0,0,0,0.5],"texture":"#missing"},"up":{"uv":[0,0,0.375,0],"texture":"#missing"},"down":{"uv":[0,0,0.375,0],"texture":"#missing"}}},{"from":[-4,1.5,8.5],"to":[6.5,2.5,8.5],"rotation":{"angle":45,"axis":"z","origin":[6.5,1.1,8.55]},"faces":{"north":{"uv":[5.25,1,0,1.5],"texture":"#0"},"south":{"uv":[0,1,5.25,1.5],"texture":"#0"}}},{"from":[9.1,4.1,9],"to":[10.6,14.6,10.5],"rotation":{"angle":-22.5,"axis":"z","origin":[10.5,4.1,9.55]},"faces":{"north":{"uv":[5.25,1.5,0,2.25],"rotation":270,"texture":"#0"},"east":{"uv":[0,1.5,5.25,2.25],"rotation":90,"texture":"#0"},"south":{"uv":[0,2.25,5.25,1.5],"rotation":90,"texture":"#0"},"west":{"uv":[0,1.5,5.25,2.25],"rotation":90,"texture":"#0"},"up":{"uv":[1.5,3,2.25,2.25],"rotation":90,"texture":"#0"},"down":{"uv":[0.75,3,1.5,2.25],"rotation":90,"texture":"#0"}}},{"from":[9.1,4.1,9],"to":[10.6,14.6,10.5],"rotation":{"angle":-22.5,"axis":"z","origin":[10.5,4.1,9.55]},"faces":{"north":{"uv":[10.5,1.5,5.25,2.25],"rotation":270,"texture":"#0","tintindex":0},"east":{"uv":[5.25,1.5,10.5,2.25],"rotation":90,"texture":"#0","tintindex":0},"south":{"uv":[5.25,2.25,10.5,1.5],"rotation":90,"texture":"#0","tintindex":0},"west":{"uv":[5.25,1.5,10.5,2.25],"rotation":90,"texture":"#0","tintindex":0}}},{"from":[15.70169,13.25438,4],"to":[23.70169,14.25438,5],"rotation":{"angle":45,"axis":"y","origin":[20.88919,14.87938,9.5]},"faces":{"north":{"uv":[0,1,4,0.5],"texture":"#0"},"east":{"uv":[0.25,0.5,0,0.75],"texture":"#0"},"south":{"uv":[4,0.5,0,1],"texture":"#0"},"west":{"uv":[4,0.75,3.75,1],"texture":"#0"},"up":{"uv":[4,1,0,0.5],"texture":"#0"},"down":{"uv":[4,1,0,0.5],"texture":"#0"}}},{"from":[15.70169,13.25438,4],"to":[23.70169,14.25438,5],"rotation":{"angle":45,"axis":"y","origin":[20.88919,14.87938,9.5]},"faces":{"north":{"uv":[5.25,1,9.25,0.5],"texture":"#0","tintindex":0},"south":{"uv":[9.25,0.5,5.25,1],"texture":"#0","tintindex":0},"west":{"uv":[9.25,0.75,9,1],"texture":"#0","tintindex":0},"up":{"uv":[9.25,1,5.25,0.5],"texture":"#0","tintindex":0},"down":{"uv":[9.25,1,5.25,0.5],"texture":"#0","tintindex":0}}},{"from":[15.70169,14.25438,4.5],"to":[23.70169,15.25438,4.5],"rotation":{"angle":45,"axis":"y","origin":[20.88919,14.87938,9.5]},"faces":{"north":{"uv":[0,0,4,0.5],"texture":"#0"},"south":{"uv":[4,0,0,0.5],"texture":"#0"}}},{"from":[23.70169,12.25438,4.5],"to":[25.20169,14.25438,4.5],"rotation":{"angle":45,"axis":"y","origin":[20.88919,14.87938,9.5]},"faces":{"north":{"uv":[0,2.25,0.75,3.25],"texture":"#0"},"east":{"uv":[0,0,0,0.5],"texture":"#missing"},"south":{"uv":[0.75,2.25,0,3.25],"texture":"#0"},"west":{"uv":[0,0,0,0.5],"texture":"#missing"},"up":{"uv":[0.375,0,0,0],"texture":"#missing"},"down":{"uv":[0.375,0,0,0],"texture":"#missing"}}},{"from":[8.1,4.1,9.5],"to":[9.1,14.6,9.5],"rotation":{"angle":-22.5,"axis":"z","origin":[10.5,4.1,9.55]},"faces":{"north":{"uv":[5.25,1.5,0,1],"rotation":270,"texture":"#0"},"south":{"uv":[0,1.5,5.25,1],"rotation":90,"texture":"#0"}}},{"from":[10.5,1,8],"to":[21,2.5,9.5],"rotation":{"angle":-22.5,"axis":"z","origin":[10.5,5.1,8.55]},"faces":{"north":{"uv":[0,2.25,5.25,1.5],"texture":"#0"},"east":{"uv":[2.25,2.25,1.5,3],"texture":"#0"},"south":{"uv":[5.25,1.5,0,2.25],"texture":"#0"},"west":{"uv":[1.5,2.25,0.75,3],"texture":"#0"},"up":{"uv":[5.25,2.25,0,1.5],"texture":"#0"},"down":{"uv":[5.25,2.25,0,1.5],"texture":"#0"}}},{"from":[10.5,1,8],"to":[21,2.5,9.5],"rotation":{"angle":-22.5,"axis":"z","origin":[10.5,5.1,8.55]},"faces":{"north":{"uv":[5.25,2.25,10.5,1.5],"texture":"#0","tintindex":0},"south":{"uv":[10.5,1.5,5.25,2.25],"texture":"#0","tintindex":0},"up":{"uv":[10.5,2.25,5.25,1.5],"texture":"#0","tintindex":0},"down":{"uv":[10.5,2.25,5.25,1.5],"texture":"#0","tintindex":0}}},{"from":[20.28265,-2.46122,2.42868],"to":[21.28265,-1.46122,10.42868],"rotation":{"angle":-22.5,"axis":"y","origin":[22.78265,-1.83622,5.24118]},"faces":{"north":{"uv":[0.25,0.5,0,0.75],"texture":"#0"},"east":{"uv":[4,0.5,0,1],"texture":"#0"},"south":{"uv":[4,0.75,3.75,1],"texture":"#0"},"west":{"uv":[0,1,4,0.5],"texture":"#0"},"up":{"uv":[0,0.5,4,1],"rotation":90,"texture":"#0"},"down":{"uv":[0,0.5,4,1],"rotation":270,"texture":"#0"}}},{"from":[20.28265,-2.46122,2.42868],"to":[21.28265,-1.46122,10.42868],"rotation":{"angle":-22.5,"axis":"y","origin":[22.78265,-1.83622,5.24118]},"faces":{"east":{"uv":[9.25,0.5,5.25,1],"texture":"#0","tintindex":0},"south":{"uv":[9.25,0.75,9,1],"texture":"#0","tintindex":0},"west":{"uv":[5.25,1,9.25,0.5],"texture":"#0","tintindex":0},"up":{"uv":[5.25,0.5,9.25,1],"rotation":90,"texture":"#0","tintindex":0},"down":{"uv":[5.25,0.5,9.25,1],"rotation":270,"texture":"#0","tintindex":0}}},{"from":[20.78265,-1.46122,2.42868],"to":[20.78265,-0.46122,10.42868],"rotation":{"angle":-22.5,"axis":"y","origin":[22.78265,-1.83622,5.24118]},"faces":{"east":{"uv":[4,0,0,0.5],"texture":"#0"},"west":{"uv":[0,0,4,0.5],"texture":"#0"}}},{"from":[20.78265,-3.46122,0.92868],"to":[20.78265,-1.46122,2.42868],"rotation":{"angle":-22.5,"axis":"y","origin":[22.78265,-1.83622,5.24118]},"faces":{"north":{"uv":[0,0,0,0.5],"texture":"#missing"},"east":{"uv":[0.75,2.25,0,3.25],"texture":"#0"},"south":{"uv":[0,0,0,0.5],"texture":"#missing"},"west":{"uv":[0,2.25,0.75,3.25],"texture":"#0"},"up":{"uv":[0,0,0.375,0],"rotation":90,"texture":"#missing"},"down":{"uv":[0,0,0.375,0],"rotation":270,"texture":"#missing"}}},{"from":[10.5,2.5,8.5],"to":[21,3.5,8.5],"rotation":{"angle":-22.5,"axis":"z","origin":[10.5,5.1,8.55]},"faces":{"north":{"uv":[0,1,5.25,1.5],"texture":"#0"},"south":{"uv":[5.25,1,0,1.5],"texture":"#0"}}},{"from":[9.5,2,9],"to":[20,3.5,10.5],"rotation":{"angle":22.5,"axis":"z","origin":[9.5,4.1,9.55]},"faces":{"north":{"uv":[0,2.25,5.25,1.5],"texture":"#0"},"east":{"uv":[2.25,2.25,1.5,3],"texture":"#0"},"south":{"uv":[5.25,1.5,0,2.25],"texture":"#0"},"west":{"uv":[1.5,2.25,0.75,3],"texture":"#0"},"up":{"uv":[5.25,2.25,0,1.5],"texture":"#0"},"down":{"uv":[5.25,2.25,0,1.5],"texture":"#0"}}},{"from":[9.5,2,9],"to":[20,3.5,10.5],"rotation":{"angle":22.5,"axis":"z","origin":[9.5,4.1,9.55]},"faces":{"north":{"uv":[5.25,2.25,10.5,1.5],"texture":"#0","tintindex":0},"south":{"uv":[10.5,1.5,5.25,2.25],"texture":"#0","tintindex":0},"up":{"uv":[10.5,2.25,5.25,1.5],"texture":"#0","tintindex":0},"down":{"uv":[10.5,2.25,5.25,1.5],"texture":"#0","tintindex":0}}},{"from":[21.011,6.25,3.49208],"to":[22.011,7.25,11.49208],"rotation":{"angle":-22.5,"axis":"y","origin":[23.511,6.875,6.30458]},"faces":{"north":{"uv":[0.25,0.5,0,0.75],"texture":"#0"},"east":{"uv":[4,0.5,0,1],"texture":"#0"},"south":{"uv":[4,0.75,3.75,1],"texture":"#0"},"west":{"uv":[0,1,4,0.5],"texture":"#0"},"up":{"uv":[4,1,0,0.5],"rotation":270,"texture":"#0"},"down":{"uv":[4,1,0,0.5],"rotation":90,"texture":"#0"}}},{"from":[21.011,6.25,3.49208],"to":[22.011,7.25,11.49208],"rotation":{"angle":-22.5,"axis":"y","origin":[23.511,6.875,6.30458]},"faces":{"east":{"uv":[9.25,0.5,5.25,1],"texture":"#0","tintindex":0},"south":{"uv":[9.25,0.75,9,1],"texture":"#0","tintindex":0},"west":{"uv":[5.25,1,9.25,0.5],"texture":"#0","tintindex":0},"up":{"uv":[9.25,1,5.25,0.5],"rotation":270,"texture":"#0","tintindex":0},"down":{"uv":[9.25,1,5.25,0.5],"rotation":90,"texture":"#0","tintindex":0}}},{"from":[21.511,7.25,3.49208],"to":[21.511,8.25,11.49208],"rotation":{"angle":-22.5,"axis":"y","origin":[23.511,6.875,6.30458]},"faces":{"east":{"uv":[4,0,0,0.5],"texture":"#0"},"west":{"uv":[0,0,4,0.5],"texture":"#0"}}},{"from":[21.511,5.25,1.99208],"to":[21.511,7.25,3.49208],"rotation":{"angle":-22.5,"axis":"y","origin":[23.511,6.875,6.30458]},"faces":{"north":{"uv":[0,0,0,0.5],"texture":"#missing"},"east":{"uv":[0.75,2.25,0,3.25],"texture":"#0"},"south":{"uv":[0,0,0,0.5],"texture":"#missing"},"west":{"uv":[0,2.25,0.75,3.25],"texture":"#0"},"up":{"uv":[0.375,0,0,0],"rotation":270,"texture":"#missing"},"down":{"uv":[0.375,0,0,0],"rotation":90,"texture":"#missing"}}},{"from":[9.5,3.5,9.5],"to":[20,4.5,9.5],"rotation":{"angle":22.5,"axis":"z","origin":[9.5,4.1,9.55]},"faces":{"north":{"uv":[0,1,5.25,1.5],"texture":"#0"},"south":{"uv":[5.25,1,0,1.5],"texture":"#0"}}},{"from":[9.5,0,8],"to":[20,1.5,9.5],"rotation":{"angle":-45,"axis":"z","origin":[9.5,1.1,8.55]},"faces":{"north":{"uv":[0,2.25,5.25,1.5],"texture":"#0"},"east":{"uv":[2.25,2.25,1.5,3],"texture":"#0"},"south":{"uv":[5.25,1.5,0,2.25],"texture":"#0"},"west":{"uv":[1.5,2.25,0.75,3],"texture":"#0"},"up":{"uv":[5.25,2.25,0,1.5],"texture":"#0"},"down":{"uv":[5.25,2.25,0,1.5],"texture":"#0"}}},{"from":[9.5,0,8],"to":[20,1.5,9.5],"rotation":{"angle":-45,"axis":"z","origin":[9.5,1.1,8.55]},"faces":{"north":{"uv":[5.25,2.25,10.5,1.5],"texture":"#0","tintindex":0},"south":{"uv":[10.5,1.5,5.25,2.25],"texture":"#0","tintindex":0},"up":{"uv":[10.5,2.25,5.25,1.5],"texture":"#0","tintindex":0},"down":{"uv":[10.5,2.25,5.25,1.5],"texture":"#0","tintindex":0}}},{"from":[16.49634,-6.88737,9],"to":[24.49634,-5.88737,10],"rotation":{"angle":45,"axis":"y","origin":[15.68384,-9.26237,8.5]},"faces":{"north":{"uv":[0,1,4,0.5],"texture":"#0"},"east":{"uv":[0.25,0.5,0,0.75],"texture":"#0"},"south":{"uv":[4,0.5,0,1],"texture":"#0"},"west":{"uv":[4,0.75,3.75,1],"texture":"#0"},"up":{"uv":[4,1,0,0.5],"texture":"#0"},"down":{"uv":[4,1,0,0.5],"texture":"#0"}}},{"from":[16.49634,-6.88737,9],"to":[24.49634,-5.88737,10],"rotation":{"angle":45,"axis":"y","origin":[15.68384,-9.26237,8.5]},"faces":{"north":{"uv":[5.25,1,9.25,0.5],"texture":"#0","tintindex":0},"south":{"uv":[9.25,0.5,5.25,1],"texture":"#0","tintindex":0},"west":{"uv":[9.25,0.75,9,1],"texture":"#0","tintindex":0},"up":{"uv":[9.25,1,5.25,0.5],"texture":"#0","tintindex":0},"down":{"uv":[9.25,1,5.25,0.5],"texture":"#0","tintindex":0}}},{"from":[16.49634,-5.88737,9.5],"to":[24.49634,-4.88737,9.5],"rotation":{"angle":45,"axis":"y","origin":[15.68384,-9.26237,8.5]},"faces":{"north":{"uv":[0,0,4,0.5],"texture":"#0"},"south":{"uv":[4,0,0,0.5],"texture":"#0"}}},{"from":[24.49634,-7.88737,9.5],"to":[25.99634,-5.88737,9.5],"rotation":{"angle":45,"axis":"y","origin":[15.68384,-9.26237,8.5]},"faces":{"north":{"uv":[0,2.25,0.75,3.25],"texture":"#0"},"east":{"uv":[0,0,0,0.5],"texture":"#missing"},"south":{"uv":[0.75,2.25,0,3.25],"texture":"#0"},"west":{"uv":[0,0,0,0.5],"texture":"#missing"},"up":{"uv":[0.375,0,0,0],"texture":"#missing"},"down":{"uv":[0.375,0,0,0],"texture":"#missing"}}},{"from":[9.5,1.5,8.5],"to":[20,2.5,8.5],"rotation":{"angle":-45,"axis":"z","origin":[9.5,1.1,8.55]},"faces":{"north":{"uv":[0,1,5.25,1.5],"texture":"#0"},"south":{"uv":[5.25,1,0,1.5],"texture":"#0"}}},{"from":[6.75,5,10],"to":[9.25,6.5,11.5],"faces":{"north":{"uv":[4,6,4.25,6.25],"texture":"#0"},"east":{"uv":[1.25,6.25,2,7],"texture":"#0"},"south":{"uv":[0,6.25,1.25,7],"texture":"#0"},"west":{"uv":[2,6.25,1.25,7],"texture":"#0"},"up":{"uv":[1.25,7,2.5,7.75],"rotation":180,"texture":"#0"},"down":{"uv":[0,7,1.25,7.75],"texture":"#0"}}},{"from":[6.75,5,10],"to":[9.25,6.5,11.5],"faces":{"east":{"uv":[7.75,6.25,8.5,7],"texture":"#0","tintindex":0},"south":{"uv":[6.5,6.25,7.75,7],"texture":"#0","tintindex":0},"west":{"uv":[8.5,6.25,7.75,7],"texture":"#0","tintindex":0},"up":{"uv":[7.75,7,9,7.75],"rotation":180,"texture":"#0","tintindex":0},"down":{"uv":[6.5,7,7.75,7.75],"texture":"#0","tintindex":0}}},{"from":[6.75,6.5,11],"to":[9.25,7.5,11],"faces":{"north":{"uv":[0,5.75,1.25,6.25],"texture":"#0"},"south":{"uv":[0,5.75,1.25,6.25],"texture":"#0"}}}],"display":{"ground":{"translation":[0,10.5,0],"scale":[0.46,0.46,0.46]},"gui":{"translation":[0,2.25,0],"scale":[0.5,0.5,0.5]},"head":{"rotation":[14,0,0],"translation":[0,-28.25,5.75],"scale":[3.21,3.21,3.21]}},"groups":[0,1,{"name":"group","origin":[8,2.5,9.5],"color":0,"children":[{"name":"group","origin":[5.25,3.75,9.75],"color":0,"children":[2,3,{"name":"group","origin":[-9,3.75,9.5],"color":0,"children":[4,5,6,7]},8]},{"name":"group","origin":[5.25,3.75,9.75],"color":0,"children":[9,10,{"name":"group","origin":[-9,3.75,9.5],"color":0,"children":[11,12,13,14]},15]},{"name":"group","origin":[5.25,3.75,9.75],"color":0,"children":[16,17,{"name":"group","origin":[-9,3.75,9.5],"color":0,"children":[18,19,20,21]},22]},{"name":"group","origin":[5.25,3.75,9.75],"color":0,"children":[23,24,{"name":"group","origin":[-9,3.75,9.5],"color":0,"children":[25,26,27,28]},29]}]},{"name":"group","origin":[8,2.5,9.5],"color":0,"children":[{"name":"group","origin":[5.25,3.75,9.75],"color":0,"children":[30,31,{"name":"group","origin":[-9,3.75,9.5],"color":0,"children":[32,33,34,35]},36]},{"name":"group","origin":[5.25,3.75,9.75],"color":0,"children":[37,38,{"name":"group","origin":[-9,3.75,9.5],"color":0,"children":[39,40,41,42]},43]},{"name":"group","origin":[5.25,3.75,9.75],"color":0,"children":[44,45,{"name":"group","origin":[-9,3.75,9.5],"color":0,"children":[46,47,48,49]},50]},{"name":"group","origin":[5.25,3.75,9.75],"color":0,"children":[51,52,{"name":"group","origin":[-9,3.75,9.5],"color":0,"children":[53,54,55,56]},57]}]},58,59,60]}