{"credit":"Made with Blockbench","texture_size":[32,32],"textures":{"0":"custom/cosmetics/owlsdev/sussy_helmet","particle":"custom/cosmetics/owlsdev/sussy_helmet"},"elements":[{"from":[3,1,1],"to":[13,8,3],"faces":{"north":{"uv":[6,5,11,8.5],"texture":"#0"},"east":{"uv":[6,5,6.5,8.5],"texture":"#0"},"west":{"uv":[10.5,5,11,8.5],"texture":"#0"},"up":{"uv":[6,5,11,5.5],"texture":"#0"},"down":{"uv":[6,8,11,8.5],"texture":"#0"}}},{"from":[13,8,3],"to":[3,1,1],"faces":{"east":{"uv":[10.5,5,11,8.5],"rotation":180,"texture":"#0"},"south":{"uv":[6,5,11,8.5],"rotation":180,"texture":"#0"},"west":{"uv":[10.5,5,11,8.5],"rotation":180,"texture":"#0"},"up":{"uv":[6,8,11,8.5],"texture":"#0"},"down":{"uv":[6,5,11,5.5],"texture":"#0"}}},{"from":[4,0,13],"to":[12,9,16],"faces":{"east":{"uv":[13.5,7.5,15,12],"texture":"#0"},"west":{"uv":[15,7.5,13.5,12],"texture":"#0"}}},{"from":[12.55,9.55,16.55],"to":[3.45,-0.55,13.15],"faces":{"north":{"uv":[1,15,5.5,15.5],"rotation":270,"texture":"#0"},"east":{"uv":[1,15,5.5,15.5],"rotation":270,"texture":"#0"},"south":{"uv":[1,15,5.5,15.5],"rotation":270,"texture":"#0"},"west":{"uv":[1,15,5.5,15.5],"rotation":270,"texture":"#0"},"up":{"uv":[4,15,5.5,15.5],"rotation":270,"texture":"#0"},"down":{"uv":[0.5,15,2,15.5],"rotation":270,"texture":"#0"}}},{"from":[14.55,10.55,13.55],"to":[1.45,-0.55,2.45],"faces":{"north":{"uv":[0,15,6,15.5],"rotation":270,"texture":"#0"},"east":{"uv":[0,15,6,15.5],"rotation":270,"texture":"#0"},"south":{"uv":[0,15,6,15.5],"rotation":270,"texture":"#0"},"west":{"uv":[0,15,6,15.5],"rotation":270,"texture":"#0"},"up":{"uv":[5.5,15,6,15.5],"rotation":270,"texture":"#0"},"down":{"uv":[0.5,15,1,15.5],"rotation":270,"texture":"#0"}}},{"from":[4,0,13],"to":[12,9,16],"faces":{"east":{"uv":[12,7.5,13.5,12],"texture":"#0","tintindex":0},"south":{"uv":[12,0,16,4.5],"texture":"#0","tintindex":0},"west":{"uv":[13.5,7.5,12,12],"texture":"#0","tintindex":0},"up":{"uv":[12,4.5,16,6],"texture":"#0","tintindex":0},"down":{"uv":[12,6,16,7.5],"rotation":180,"texture":"#0","tintindex":0}}},{"from":[2,0,3],"to":[14,10,13],"faces":{"north":{"uv":[0,0,6,5],"texture":"#0","tintindex":0},"east":{"uv":[0,10,5,15],"texture":"#0","tintindex":0},"south":{"uv":[0,5,6,10],"texture":"#0","tintindex":0},"west":{"uv":[0,10,5,15],"texture":"#0","tintindex":0},"up":{"uv":[6,0,12,5],"rotation":180,"texture":"#0","tintindex":0},"down":{"uv":[5,10,11,15],"texture":"#0","tintindex":0}}},{"from":[14,10,13],"to":[2,0,3],"faces":{"north":{"uv":[0,5,6,10],"rotation":180,"texture":"#0","tintindex":0},"east":{"uv":[0,10,5,15],"rotation":180,"texture":"#0","tintindex":0},"south":{"uv":[0,0,6,5],"rotation":180,"texture":"#0","tintindex":0},"west":{"uv":[0,10,5,15],"rotation":180,"texture":"#0","tintindex":0},"up":{"uv":[5,10,11,15],"texture":"#0","tintindex":0},"down":{"uv":[6,0,12,5],"rotation":180,"texture":"#0","tintindex":0}}}],"display":{"ground":{"translation":[19.5,-5.5,0]},"gui":{"rotation":[30,135,0],"translation":[-0.25,2.75,0],"scale":[0.88,0.88,0.88]},"head":{"translation":[0,6.25,0],"scale":[1.6,1.6,1.6]},"thirdperson_righthand":{"rotation":[90.0,0.0,0.0],"translation":[-1.0,-2.0,17.41211],"scale":[0.9375,0.9375,0.9375]}},"groups":[0,1,2,3,4,{"name":"group","origin":[0,0,0],"children":[5,6,7]}]}