{"credit":"Made with Blockbench","textures":{"0":"custom/cosmetics/owlsdev/western_hat","particle":"custom/cosmetics/owlsdev/western_hat"},"elements":[{"from":[4,1,4],"to":[12,5,12],"faces":{"north":{"uv":[0,4,4,6],"texture":"#0"},"east":{"uv":[4,12.5,8,14.5],"texture":"#0"},"south":{"uv":[0,4,4,6],"texture":"#0"},"west":{"uv":[4,12.5,8,14.5],"texture":"#0"},"up":{"uv":[0,0,4,4],"texture":"#0"}}},{"from":[12,5,12],"to":[4,1,4],"faces":{"north":{"uv":[0,4,4,6],"rotation":180,"texture":"#0"},"east":{"uv":[4,12.5,8,14.5],"rotation":180,"texture":"#0"},"south":{"uv":[0,4,4,6],"rotation":180,"texture":"#0"},"west":{"uv":[4,12.5,8,14.5],"rotation":180,"texture":"#0"},"down":{"uv":[0,0,4,4],"texture":"#0"}}},{"from":[3.75,0.75,3.75],"to":[12.25,5.25,12.25],"faces":{"north":{"uv":[0,10.5,4,12.5],"texture":"#0"},"east":{"uv":[4,10.5,8,12.5],"texture":"#0"},"south":{"uv":[0,10.5,4,12.5],"texture":"#0"},"west":{"uv":[4,10.5,8,12.5],"texture":"#0"},"up":{"uv":[0,6.5,4,10.5],"texture":"#0"}}},{"from":[12.25,5.25,12.25],"to":[3.75,0.75,3.75],"faces":{"north":{"uv":[0,10.5,4,12.5],"rotation":180,"texture":"#0"},"east":{"uv":[4,10.5,8,12.5],"rotation":180,"texture":"#0"},"south":{"uv":[0,10.5,4,12.5],"rotation":180,"texture":"#0"},"west":{"uv":[4,10.5,8,12.5],"rotation":180,"texture":"#0"},"down":{"uv":[0,6.5,4,10.5],"texture":"#0"}}},{"from":[3.5,0.5,3.5],"to":[12.5,5.5,12.5],"faces":{"north":{"uv":[8,10.5,12,12.5],"texture":"#0","tintindex":0},"east":{"uv":[8,10.5,12,12.5],"texture":"#0","tintindex":0},"south":{"uv":[8,10.5,12,12.5],"texture":"#0","tintindex":0},"west":{"uv":[8,10.5,12,12.5],"texture":"#0","tintindex":0}}},{"from":[12.5,5.5,12.5],"to":[3.5,0.5,3.5],"faces":{"north":{"uv":[8,10.5,12,12.5],"rotation":180,"texture":"#0","tintindex":0},"east":{"uv":[8,10.5,12,12.5],"rotation":180,"texture":"#0","tintindex":0},"south":{"uv":[8,10.5,12,12.5],"rotation":180,"texture":"#0","tintindex":0},"west":{"uv":[8,10.5,12,12.5],"rotation":180,"texture":"#0","tintindex":0}}},{"from":[-1,0.5,0],"to":[17,0.5,16],"faces":{"up":{"uv":[5.5,0.5,14.5,8.5],"texture":"#0"},"down":{"uv":[5.5,0.5,14.5,8.5],"texture":"#0"}}}],"display":{"thirdperson_righthand":{"rotation":[99.0,0,0],"translation":[-1.0,-3.25,23.710938],"scale":[1.0546875,1.0546875,1.0546875]},"thirdperson_lefthand":{"rotation":[52,32,0],"translation":[0,3.5,2.5],"scale":[0.4,0.4,0.4]},"firstperson_righthand":{"rotation":[0,-69,0],"translation":[6.75,5.5,-3.25]},"firstperson_lefthand":{"rotation":[0,-69,0],"translation":[6.75,5.5,-3.25]},"ground":{"translation":[0,3,0],"scale":[0.4,0.4,0.4]},"gui":{"rotation":[30,45,0],"translation":[0,4.25,0],"scale":[0.8,0.8,0.8]},"head":{"rotation":[9,0,0],"translation":[0,17,2],"scale":[1.8,1.8,1.8]},"fixed":{"rotation":[-90,0,0],"translation":[0,0,-15.5],"scale":[2,2,2]}}}